location,date,total_cases,total_deaths,reproduction_rate,positive_rate,total_vaccinations,people_vaccinated,people_fully_vaccinated,stringency_index,diabetes_prevalence,population
오세아니아,2020-01-03,,,,,,,,,,45038860
오세아니아,2020-01-04,,,,,,,,,,45038860
오세아니아,2020-01-05,,,,,,,,,,45038860
오세아니아,2020-01-06,,,,,,,,,,45038860
오세아니아,2020-01-07,,,,,,,,,,45038860
오세아니아,2020-01-08,,,,,,,,,,45038860
오세아니아,2020-01-09,,,,,,,,,,45038860
오세아니아,2020-01-10,,,,,,,,,,45038860
오세아니아,2020-01-11,,,,,,,,,,45038860
오세아니아,2020-01-12,,,,,,,,,,45038860
오세아니아,2020-01-13,,,,,,,,,,45038860
오세아니아,2020-01-14,,,,,,,,,,45038860
오세아니아,2020-01-15,,,,,,,,,,45038860
오세아니아,2020-01-16,,,,,,,,,,45038860
오세아니아,2020-01-17,,,,,,,,,,45038860
오세아니아,2020-01-18,,,,,,,,,,45038860
오세아니아,2020-01-19,,,,,,,,,,45038860
오세아니아,2020-01-20,,,,,,,,,,45038860
오세아니아,2020-01-21,,,,,,,,,,45038860
오세아니아,2020-01-22,,,,,,,,,,45038860
오세아니아,2020-01-23,,,,,,,,,,45038860
오세아니아,2020-01-24,,,,,,,,,,45038860
오세아니아,2020-01-25,1.0,,,,,,,,,45038860
오세아니아,2020-01-26,4.0,,,,,,,,,45038860
오세아니아,2020-01-27,4.0,,,,,,,,,45038860
오세아니아,2020-01-28,5.0,,,,,,,,,45038860
오세아니아,2020-01-29,5.0,,,,,,,,,45038860
오세아니아,2020-01-30,7.0,,,,,,,,,45038860
오세아니아,2020-01-31,9.0,,,,,,,,,45038860
오세아니아,2020-02-01,9.0,,,,,,,,,45038860
오세아니아,2020-02-02,12.0,,,,,,,,,45038860
오세아니아,2020-02-03,12.0,,,,,,,,,45038860
오세아니아,2020-02-04,12.0,,,,,,,,,45038860
오세아니아,2020-02-05,13.0,,,,,,,,,45038860
오세아니아,2020-02-06,14.0,,,,,,,,,45038860
오세아니아,2020-02-07,15.0,,,,,,,,,45038860
오세아니아,2020-02-08,15.0,,,,,,,,,45038860
오세아니아,2020-02-09,15.0,,,,,,,,,45038860
오세아니아,2020-02-10,15.0,,,,,,,,,45038860
오세아니아,2020-02-11,15.0,,,,,,,,,45038860
오세아니아,2020-02-12,15.0,,,,,,,,,45038860
오세아니아,2020-02-13,15.0,,,,,,,,,45038860
오세아니아,2020-02-14,15.0,,,,,,,,,45038860
오세아니아,2020-02-15,15.0,,,,,,,,,45038860
오세아니아,2020-02-16,15.0,,,,,,,,,45038860
오세아니아,2020-02-17,15.0,,,,,,,,,45038860
오세아니아,2020-02-18,15.0,,,,,,,,,45038860
오세아니아,2020-02-19,15.0,,,,,,,,,45038860
오세아니아,2020-02-20,15.0,,,,,,,,,45038860
오세아니아,2020-02-21,15.0,,,,,,,,,45038860
오세아니아,2020-02-22,21.0,,,,,,,,,45038860
오세아니아,2020-02-23,22.0,,,,,,,,,45038860
오세아니아,2020-02-24,22.0,,,,,,,,,45038860
오세아니아,2020-02-25,22.0,,,,,,,,,45038860
오세아니아,2020-02-26,23.0,,,,,,,,,45038860
오세아니아,2020-02-27,23.0,,,,,,,,,45038860
오세아니아,2020-02-28,24.0,,,,,,,,,45038860
오세아니아,2020-02-29,26.0,,,,,,,,,45038860
오세아니아,2020-03-01,26.0,,,,,,,,,45038860
오세아니아,2020-03-02,30.0,1.0,,,,,,,,45038860
오세아니아,2020-03-03,30.0,1.0,,,,,,,,45038860
오세아니아,2020-03-04,35.0,2.0,,,,,,,,45038860
오세아니아,2020-03-05,46.0,2.0,,,,,,,,45038860
오세아니아,2020-03-06,61.0,2.0,,,,,,,,45038860
오세아니아,2020-03-07,68.0,3.0,,,,,,,,45038860
오세아니아,2020-03-08,75.0,4.0,,,,,,,,45038860
오세아니아,2020-03-09,82.0,4.0,,,,,,,,45038860
오세아니아,2020-03-10,98.0,4.0,,,,,,,,45038860
오세아니아,2020-03-11,106.0,4.0,,,,,,,,45038860
오세아니아,2020-03-12,130.0,4.0,,,,,,,,45038860
오세아니아,2020-03-13,148.0,4.0,,,,,,,,45038860
오세아니아,2020-03-14,206.0,6.0,,,,,,,,45038860
오세아니아,2020-03-15,260.0,7.0,,,,,,,,45038860
오세아니아,2020-03-16,309.0,7.0,,,,,,,,45038860
오세아니아,2020-03-17,354.0,7.0,,,,,,,,45038860
오세아니아,2020-03-18,445.0,8.0,,,,,,,,45038860
오세아니아,2020-03-19,615.0,8.0,,,,,,,,45038860
오세아니아,2020-03-20,760.0,9.0,,,,,,,,45038860
오세아니아,2020-03-21,961.0,9.0,,,,,,,,45038860
오세아니아,2020-03-22,1187.0,9.0,,,,,,,,45038860
오세아니아,2020-03-23,1556.0,10.0,,,,,,,,45038860
오세아니아,2020-03-24,1918.0,10.0,,,,,,,,45038860
오세아니아,2020-03-25,2514.0,11.0,,,,,,,,45038860
오세아니아,2020-03-26,2772.0,12.0,,,,,,,,45038860
오세아니아,2020-03-27,3418.0,16.0,,,,,,,,45038860
오세아니아,2020-03-28,3900.0,17.0,,,,,,,,45038860
오세아니아,2020-03-29,4396.0,18.0,,,,,,,,45038860
오세아니아,2020-03-30,4759.0,21.0,,,,,,,,45038860
오세아니아,2020-03-31,5076.0,23.0,,,,,,,,45038860
오세아니아,2020-04-01,5484.0,25.0,,,,,,,,45038860
오세아니아,2020-04-02,5841.0,28.0,,,,,,,,45038860
오세아니아,2020-04-03,6151.0,33.0,,,,,,,,45038860
오세아니아,2020-04-04,6435.0,38.0,,,,,,,,45038860
오세아니아,2020-04-05,6679.0,42.0,,,,,,,,45038860
오세아니아,2020-04-06,6847.0,47.0,,,,,,,,45038860
오세아니아,2020-04-07,6984.0,55.0,,,,,,,,45038860
오세아니아,2020-04-08,7135.0,58.0,,,,,,,,45038860
오세아니아,2020-04-09,7266.0,60.0,,,,,,,,45038860
오세아니아,2020-04-10,7392.0,63.0,,,,,,,,45038860
오세아니아,2020-04-11,7501.0,68.0,,,,,,,,45038860
오세아니아,2020-04-12,7569.0,72.0,,,,,,,,45038860
오세아니아,2020-04-13,7619.0,75.0,,,,,,,,45038860
오세아니아,2020-04-14,7673.0,79.0,,,,,,,,45038860
오세아니아,2020-04-15,7731.0,80.0,,,,,,,,45038860
오세아니아,2020-04-16,7779.0,82.0,,,,,,,,45038860
오세아니아,2020-04-17,7797.0,85.0,,,,,,,,45038860
오세아니아,2020-04-18,7871.0,90.0,,,,,,,,45038860
오세아니아,2020-04-19,7928.0,91.0,,,,,,,,45038860
오세아니아,2020-04-20,7961.0,93.0,,,,,,,,45038860
오세아니아,2020-04-21,7978.0,95.0,,,,,,,,45038860
오세아니아,2020-04-22,8004.0,98.0,,,,,,,,45038860
오세아니아,2020-04-23,8015.0,101.0,,,,,,,,45038860
오세아니아,2020-04-24,8031.0,104.0,,,,,,,,45038860
오세아니아,2020-04-25,8056.0,108.0,,,,,,,,45038860
오세아니아,2020-04-26,8076.0,110.0,,,,,,,,45038860
오세아니아,2020-04-27,8087.0,112.0,,,,,,,,45038860
오세아니아,2020-04-28,8103.0,115.0,,,,,,,,45038860
오세아니아,2020-04-29,8120.0,120.0,,,,,,,,45038860
오세아니아,2020-04-30,8132.0,121.0,,,,,,,,45038860
오세아니아,2020-05-01,8152.0,124.0,,,,,,,,45038860
오세아니아,2020-05-02,8159.0,125.0,,,,,,,,45038860
오세아니아,2020-05-03,8179.0,126.0,,,,,,,,45038860
오세아니아,2020-05-04,8199.0,126.0,,,,,,,,45038860
오세아니아,2020-05-05,8223.0,127.0,,,,,,,,45038860
오세아니아,2020-05-06,8250.0,129.0,,,,,,,,45038860
오세아니아,2020-05-07,8280.0,129.0,,,,,,,,45038860
오세아니아,2020-05-08,8303.0,129.0,,,,,,,,45038860
오세아니아,2020-05-09,8322.0,129.0,,,,,,,,45038860
오세아니아,2020-05-10,8340.0,129.0,,,,,,,,45038860
오세아니아,2020-05-11,8355.0,129.0,,,,,,,,45038860
오세아니아,2020-05-12,8365.0,130.0,,,,,,,,45038860
오세아니아,2020-05-13,8382.0,131.0,,,,,,,,45038860
오세아니아,2020-05-14,8393.0,131.0,,,,,,,,45038860
오세아니아,2020-05-15,8409.0,131.0,,,,,,,,45038860
오세아니아,2020-05-16,8439.0,131.0,,,,,,,,45038860
오세아니아,2020-05-17,8459.0,131.0,,,,,,,,45038860
오세아니아,2020-05-18,8468.0,132.0,,,,,,,,45038860
오세아니아,2020-05-19,8487.0,132.0,,,,,,,,45038860
오세아니아,2020-05-20,8495.0,133.0,,,,,,,,45038860
오세아니아,2020-05-21,8517.0,133.0,,,,,,,,45038860
오세아니아,2020-05-22,8521.0,134.0,,,,,,,,45038860
오세아니아,2020-05-23,8535.0,135.0,,,,,,,,45038860
오세아니아,2020-05-24,8547.0,135.0,,,,,,,,45038860
오세아니아,2020-05-25,8550.0,135.0,,,,,,,,45038860
오세아니아,2020-05-26,8559.0,135.0,,,,,,,,45038860
오세아니아,2020-05-27,8576.0,135.0,,,,,,,,45038860
오세아니아,2020-05-28,8583.0,136.0,,,,,,,,45038860
오세아니아,2020-05-29,8596.0,136.0,,,,,,,,45038860
오세아니아,2020-05-30,8619.0,136.0,,,,,,,,45038860
오세아니아,2020-05-31,8632.0,136.0,,,,,,,,45038860
오세아니아,2020-06-01,8642.0,136.0,,,,,,,,45038860
오세아니아,2020-06-02,8652.0,136.0,,,,,,,,45038860
오세아니아,2020-06-03,8672.0,136.0,,,,,,,,45038860
오세아니아,2020-06-04,8682.0,136.0,,,,,,,,45038860
오세아니아,2020-06-05,8697.0,136.0,,,,,,,,45038860
오세아니아,2020-06-06,8708.0,136.0,,,,,,,,45038860
오세아니아,2020-06-07,8712.0,136.0,,,,,,,,45038860
오세아니아,2020-06-08,8718.0,136.0,,,,,,,,45038860
오세아니아,2020-06-09,8724.0,136.0,,,,,,,,45038860
오세아니아,2020-06-10,8730.0,136.0,,,,,,,,45038860
오세아니아,2020-06-11,8732.0,136.0,,,,,,,,45038860
오세아니아,2020-06-12,8750.0,136.0,,,,,,,,45038860
오세아니아,2020-06-13,8757.0,136.0,,,,,,,,45038860
오세아니아,2020-06-14,8770.0,136.0,,,,,,,,45038860
오세아니아,2020-06-15,8788.0,136.0,,,,,,,,45038860
오세아니아,2020-06-16,8806.0,136.0,,,,,,,,45038860
오세아니아,2020-06-17,8818.0,136.0,,,,,,,,45038860
오세아니아,2020-06-18,8844.0,136.0,,,,,,,,45038860
오세아니아,2020-06-19,8870.0,136.0,,,,,,,,45038860
오세아니아,2020-06-20,8897.0,136.0,,,,,,,,45038860
오세아니아,2020-06-21,8947.0,136.0,,,,,,,,45038860
오세아니아,2020-06-22,8976.0,136.0,,,,,,,,45038860
오세아니아,2020-06-23,8993.0,136.0,,,,,,,,45038860
오세아니아,2020-06-24,9013.0,136.0,,,,,,,,45038860
오세아니아,2020-06-25,9052.0,137.0,,,,,,,,45038860
오세아니아,2020-06-26,9105.0,137.0,,,,,,,,45038860
오세아니아,2020-06-27,9147.0,137.0,,,,,,,,45038860
오세아니아,2020-06-28,9199.0,137.0,,,,,,,,45038860
오세아니아,2020-06-29,9246.0,137.0,,,,,,,,45038860
오세아니아,2020-06-30,9334.0,137.0,,,,,,,,45038860
오세아니아,2020-07-01,9405.0,137.0,,,,,,,,45038860
오세아니아,2020-07-02,9514.0,137.0,,,,,,,,45038860
오세아니아,2020-07-03,9596.0,138.0,,,,,,,,45038860
오세아니아,2020-07-04,9856.0,138.0,,,,,,,,45038860
오세아니아,2020-07-05,9968.0,138.0,,,,,,,,45038860
오세아니아,2020-07-06,10057.0,139.0,,,,,,,,45038860
오세아니아,2020-07-07,10209.0,140.0,,,,,,,,45038860
오세아니아,2020-07-08,10383.0,140.0,,,,,,,,45038860
오세아니아,2020-07-09,10521.0,140.0,,,,,,,,45038860
오세아니아,2020-07-10,10699.0,140.0,,,,,,,,45038860
오세아니아,2020-07-11,11000.0,141.0,,,,,,,,45038860
오세아니아,2020-07-12,11204.0,142.0,,,,,,,,45038860
오세아니아,2020-07-13,11448.0,142.0,,,,,,,,45038860
오세아니아,2020-07-14,11632.0,142.0,,,,,,,,45038860
오세아니아,2020-07-15,11910.0,145.0,,,,,,,,45038860
오세아니아,2020-07-16,12156.0,149.0,,,,,,,,45038860
오세아니아,2020-07-17,12477.0,151.0,,,,,,,,45038860
오세아니아,2020-07-18,12903.0,155.0,,,,,,,,45038860
오세아니아,2020-07-19,13113.0,158.0,,,,,,,,45038860
오세아니아,2020-07-20,13481.0,161.0,,,,,,,,45038860
오세아니아,2020-07-21,13750.0,165.0,,,,,,,,45038860
오세아니아,2020-07-22,14128.0,169.0,,,,,,,,45038860
오세아니아,2020-07-23,14604.0,173.0,,,,,,,,45038860
오세아니아,2020-07-24,15021.0,182.0,,,,,,,,45038860
오세아니아,2020-07-25,15311.0,190.0,,,,,,,,45038860
오세아니아,2020-07-26,15674.0,203.0,,,,,,,,45038860
오세아니아,2020-07-27,16151.0,209.0,,,,,,,,45038860
오세아니아,2020-07-28,16696.0,224.0,,,,,,,,45038860
오세아니아,2020-07-29,17069.0,237.0,,,,,,,,45038860
오세아니아,2020-07-30,17352.0,256.0,,,,,,,,45038860
오세아니아,2020-07-31,18077.0,270.0,,,,,,,,45038860
오세아니아,2020-08-01,18693.0,287.0,,,,,,,,45038860
오세아니아,2020-08-02,19094.0,301.0,,,,,,,,45038860
오세아니아,2020-08-03,19757.0,317.0,,,,,,,,45038860
오세아니아,2020-08-04,20170.0,328.0,,,,,,,,45038860
오세아니아,2020-08-05,20588.0,339.0,,,,,,,,45038860
오세아니아,2020-08-06,21356.0,356.0,,,,,,,,45038860
오세아니아,2020-08-07,21793.0,369.0,,,,,,,,45038860
오세아니아,2020-08-08,22248.0,387.0,,,,,,,,45038860
오세아니아,2020-08-09,22676.0,408.0,,,,,,,,45038860
오세아니아,2020-08-10,23088.0,429.0,,,,,,,,45038860
오세아니아,2020-08-11,23409.0,446.0,,,,,,,,45038860
오세아니아,2020-08-12,23788.0,474.0,,,,,,,,45038860
오세아니아,2020-08-13,24313.0,491.0,,,,,,,,45038860
오세아니아,2020-08-14,24588.0,511.0,,,,,,,,45038860
오세아니아,2020-08-15,25037.0,522.0,,,,,,,,45038860
오세아니아,2020-08-16,25356.0,546.0,,,,,,,,45038860
오세아니아,2020-08-17,25666.0,573.0,,,,,,,,45038860
오세아니아,2020-08-18,26051.0,590.0,,,,,,,,45038860
오세아니아,2020-08-19,26304.0,605.0,,,,,,,,45038860
오세아니아,2020-08-20,26584.0,614.0,,,,,,,,45038860
오세아니아,2020-08-21,26965.0,629.0,,,,,,,,45038860
오세아니아,2020-08-22,27251.0,647.0,,,,,,,,45038860
오세아니아,2020-08-23,27502.0,663.0,,,,,,,,45038860
오세아니아,2020-08-24,27811.0,681.0,,,,,,,,45038860
오세아니아,2020-08-25,28032.0,696.0,,,,,,,,45038860
오세아니아,2020-08-26,28294.0,712.0,,,,,,,,45038860
오세아니아,2020-08-27,28607.0,725.0,,,,,,,,45038860
오세아니아,2020-08-28,28885.0,736.0,,,,,,,,45038860
오세아니아,2020-08-29,29143.0,752.0,,,,,,,,45038860
오세아니아,2020-08-30,29312.0,765.0,,,,,,,,45038860
오세아니아,2020-08-31,29489.0,774.0,,,,,,,,45038860
오세아니아,2020-09-01,29673.0,781.0,,,,,,,,45038860
오세아니아,2020-09-02,29829.0,788.0,,,,,,,,45038860
오세아니아,2020-09-03,30019.0,797.0,,,,,,,,45038860
오세아니아,2020-09-04,30265.0,805.0,,,,,,,,45038860
오세아니아,2020-09-05,30458.0,818.0,,,,,,,,45038860
오세아니아,2020-09-06,30622.0,831.0,,,,,,,,45038860
오세아니아,2020-09-07,30725.0,839.0,,,,,,,,45038860
오세아니아,2020-09-08,30811.0,846.0,,,,,,,,45038860
오세아니아,2020-09-09,30964.0,856.0,,,,,,,,45038860
오세아니아,2020-09-10,31142.0,865.0,,,,,,,,45038860
오세아니아,2020-09-11,31356.0,877.0,,,,,,,,45038860
오세아니아,2020-09-12,31450.0,882.0,,,,,,,,45038860
오세아니아,2020-09-13,31590.0,888.0,,,,,,,,45038860
오세아니아,2020-09-14,31673.0,896.0,,,,,,,,45038860
오세아니아,2020-09-15,31798.0,899.0,,,,,,,,45038860
오세아니아,2020-09-16,31920.0,908.0,,,,,,,,45038860
오세아니아,2020-09-17,32075.0,912.0,,,,,,,,45038860
오세아니아,2020-09-18,32176.0,919.0,,,,,,,,45038860
오세아니아,2020-09-19,32302.0,931.0,,,,,,,,45038860
오세아니아,2020-09-20,32426.0,935.0,,,,,,,,45038860
오세아니아,2020-09-21,32475.0,940.0,,,,,,,,45038860
오세아니아,2020-09-22,32570.0,945.0,,,,,,,,45038860
오세아니아,2020-09-23,32648.0,954.0,,,,,,,,45038860
오세아니아,2020-09-24,32806.0,958.0,,,,,,,,45038860
오세아니아,2020-09-25,32846.0,965.0,,,,,,,,45038860
오세아니아,2020-09-26,32999.0,969.0,,,,,,,,45038860
오세아니아,2020-09-27,33087.0,972.0,,,,,,,,45038860
오세아니아,2020-09-28,33114.0,975.0,,,,,,,,45038860
오세아니아,2020-09-29,33155.0,984.0,,,,,,,,45038860
오세아니아,2020-09-30,33377.0,988.0,,,,,,,,45038860
오세아니아,2020-10-01,33571.0,992.0,,,,,,,,45038860
오세아니아,2020-10-02,33659.0,996.0,,,,,,,,45038860
오세아니아,2020-10-03,33918.0,999.0,,,,,,,,45038860
오세아니아,2020-10-04,34015.0,1001.0,,,,,,,,45038860
오세아니아,2020-10-05,34032.0,1003.0,,,,,,,,45038860
오세아니아,2020-10-06,34368.0,1007.0,,,,,,,,45038860
오세아니아,2020-10-07,34459.0,1008.0,,,,,,,,45038860
오세아니아,2020-10-08,34650.0,1012.0,,,,,,,,45038860
오세아니아,2020-10-09,34749.0,1014.0,,,,,,,,45038860
오세아니아,2020-10-10,35164.0,1014.0,,,,,,,,45038860
오세아니아,2020-10-11,35249.0,1016.0,,,,,,,,45038860
오세아니아,2020-10-12,35296.0,1017.0,,,,,,,,45038860
오세아니아,2020-10-13,35917.0,1018.0,,,,,,,,45038860
오세아니아,2020-10-14,36046.0,1020.0,,,,,,,,45038860
오세아니아,2020-10-15,36481.0,1022.0,,,,,,,,45038860
오세아니아,2020-10-16,36596.0,1024.0,,,,,,,,45038860
오세아니아,2020-10-17,36942.0,1025.0,,,,,,,,45038860
오세아니아,2020-10-18,37045.0,1028.0,,,,,,,,45038860
오세아니아,2020-10-19,37111.0,1029.0,,,,,,,,45038860
오세아니아,2020-10-20,38012.0,1031.0,,,,,,,,45038860
오세아니아,2020-10-21,38198.0,1032.0,,,,,,,,45038860
오세아니아,2020-10-22,38846.0,1037.0,,,,,,,,45038860
오세아니아,2020-10-23,38967.0,1037.0,,,,,,,,45038860
오세아니아,2020-10-24,39778.0,1039.0,,,,,,,,45038860
오세아니아,2020-10-25,39828.0,1041.0,,,,,,,,45038860
오세아니아,2020-10-26,39900.0,1041.0,,,,,,,,45038860
오세아니아,2020-10-27,40658.0,1051.0,,,,,,,,45038860
오세아니아,2020-10-28,40754.0,1051.0,,,,,,,,45038860
오세아니아,2020-10-29,41592.0,1056.0,,,,,,,,45038860
오세아니아,2020-10-30,41680.0,1057.0,,,,,,,,45038860
오세아니아,2020-10-31,41777.0,1058.0,,,,,,,,45038860
오세아니아,2020-11-01,41845.0,1058.0,,,,,,,,45038860
오세아니아,2020-11-02,41864.0,1058.0,,,,,,,,45038860
오세아니아,2020-11-03,43270.0,1067.0,,,,,,,,45038860
오세아니아,2020-11-04,43693.0,1068.0,,,,,,,,45038860
오세아니아,2020-11-05,44127.0,1072.0,,,,,,,,45038860
오세아니아,2020-11-06,44710.0,1076.0,,,,,,,,45038860
오세아니아,2020-11-07,45032.0,1077.0,,,,,,,,45038860
오세아니아,2020-11-08,45081.0,1078.0,,,,,,,,45038860
오세아니아,2020-11-09,45213.0,1082.0,,,,,,,,45038860
오세아니아,2020-11-10,46135.0,1092.0,,,,,,,,45038860
오세아니아,2020-11-11,46615.0,1096.0,,,,,,,,45038860
오세아니아,2020-11-12,47073.0,1096.0,,,,,,,,45038860
오세아니아,2020-11-13,47347.0,1096.0,,,,,,,,45038860
오세아니아,2020-11-14,47649.0,1099.0,,,,,,,,45038860
오세아니아,2020-11-15,47702.0,1099.0,,,,,,,,45038860
오세아니아,2020-11-16,47875.0,1100.0,,,,,,,,45038860
오세아니아,2020-11-17,48373.0,1107.0,,,,,,,,45038860
오세아니아,2020-11-18,48687.0,1114.0,,,,,,,,45038860
오세아니아,2020-11-19,49039.0,1115.0,,,,,,,,45038860
오세아니아,2020-11-20,49348.0,1116.0,,,,,,,,45038860
오세아니아,2020-11-21,49559.0,1119.0,,,,,,,,45038860
오세아니아,2020-11-22,49611.0,1120.0,,,,,,,,45038860
오세아니아,2020-11-23,49699.0,1122.0,,,,,,,,45038860
오세아니아,2020-11-24,50085.0,1128.0,,,,,,,,45038860
오세아니아,2020-11-25,50408.0,1131.0,,,,,,,,45038860
오세아니아,2020-11-26,50746.0,1133.0,,,,,,,,45038860
오세아니아,2020-11-27,50909.0,1137.0,,,,,,,,45038860
오세아니아,2020-11-28,51150.0,1139.0,,,,,,,,45038860
오세아니아,2020-11-29,51178.0,1139.0,,,,,,,,45038860
오세아니아,2020-11-30,51236.0,1140.0,,,,,,,,45038860
오세아니아,2020-12-01,51564.0,1142.0,,,,,,,,45038860
오세아니아,2020-12-02,51796.0,1143.0,,,,,,,,45038860
오세아니아,2020-12-03,52011.0,1144.0,,,,,,,,45038860
오세아니아,2020-12-04,52233.0,1145.0,,,,,,,,45038860
오세아니아,2020-12-05,52488.0,1147.0,,,,,,,,45038860
오세아니아,2020-12-06,52516.0,1147.0,,,,,,,,45038860
오세아니아,2020-12-07,52553.0,1147.0,,,,,,,,45038860
오세아니아,2020-12-08,52592.0,1147.0,,,,,,,,45038860
오세아니아,2020-12-09,52843.0,1154.0,,,,,,,,45038860
오세아니아,2020-12-10,52940.0,1158.0,,,,,,,,45038860
오세아니아,2020-12-11,53090.0,1161.0,,,,,,,,45038860
오세아니아,2020-12-12,53248.0,1162.0,,,,,,,,45038860
오세아니아,2020-12-13,53276.0,1164.0,,,,,,,,45038860
오세아니아,2020-12-14,53305.0,1165.0,,,,,,,,45038860
오세아니아,2020-12-15,53452.0,1171.0,,,,,,,,45038860
오세아니아,2020-12-16,53601.0,1172.0,,,,,,,,45038860
오세아니아,2020-12-17,53734.0,1173.0,,,,,,,,45038860
오세아니아,2020-12-18,53947.0,1176.0,,,,,,,,45038860
오세아니아,2020-12-19,54042.0,1178.0,,,,,,,,45038860
오세아니아,2020-12-20,54088.0,1178.0,,,,,,,,45038860
오세아니아,2020-12-21,54140.0,1178.0,,,,,,,,45038860
오세아니아,2020-12-22,54337.0,1184.0,,,,,,,,45038860
오세아니아,2020-12-23,54458.0,1185.0,,,,,,,,45038860
오세아니아,2020-12-24,54551.0,1186.0,,,,,,,,45038860
오세아니아,2020-12-25,54689.0,1187.0,,,,,,,,45038860
오세아니아,2020-12-26,54691.0,1187.0,,,,,,,,45038860
오세아니아,2020-12-27,54742.0,1187.0,,,,,,,,45038860
오세아니아,2020-12-28,54759.0,1187.0,,,,,,,,45038860
오세아니아,2020-12-29,54944.0,1192.0,,,,,,,,45038860
오세아니아,2020-12-30,55071.0,1192.0,,,,,,,,45038860
오세아니아,2020-12-31,55184.0,1193.0,,,,,,,,45038860
오세아니아,2021-01-01,55324.0,1194.0,,,,,,,,45038860
오세아니아,2021-01-02,55380.0,1194.0,,,,,,,,45038860
오세아니아,2021-01-03,55423.0,1197.0,,,,,,,,45038860
오세아니아,2021-01-04,55524.0,1197.0,,,,,,,,45038860
오세아니아,2021-01-05,55649.0,1204.0,,,,,,,,45038860
오세아니아,2021-01-06,55736.0,1204.0,,,,,,,,45038860
오세아니아,2021-01-07,55819.0,1204.0,,,,,,,,45038860
오세아니아,2021-01-08,55914.0,1205.0,,,,,,,,45038860
오세아니아,2021-01-09,55959.0,1206.0,,,,,,,,45038860
오세아니아,2021-01-10,55984.0,1206.0,,,,,,,,45038860
오세아니아,2021-01-11,56121.0,1206.0,,,,,,,,45038860
오세아니아,2021-01-12,56220.0,1208.0,,,,,,,,45038860
오세아니아,2021-01-13,56337.0,1209.0,,,,,,,,45038860
오세아니아,2021-01-14,56484.0,1209.0,,,,,,,,45038860
오세아니아,2021-01-15,56554.0,1211.0,,,,,,,,45038860
오세아니아,2021-01-16,56596.0,1212.0,,,,,,,,45038860
오세아니아,2021-01-17,56624.0,1213.0,,,,,,,,45038860
오세아니아,2021-01-18,56700.0,1214.0,,,,,,,,45038860
오세아니아,2021-01-19,56746.0,1216.0,,,,,,,,45038860
오세아니아,2021-01-20,56873.0,1216.0,,,,,,,,45038860
오세아니아,2021-01-21,56916.0,1217.0,,,,,,,,45038860
오세아니아,2021-01-22,56972.0,1217.0,,,,,,,,45038860
오세아니아,2021-01-23,56987.0,1217.0,,,,,,,,45038860
오세아니아,2021-01-24,56998.0,1217.0,,,,,,,,45038860
오세아니아,2021-01-25,57078.0,1217.0,,,,,,,,45038860
오세아니아,2021-01-26,57148.0,1219.0,,,,,,,,45038860
오세아니아,2021-01-27,57197.0,1221.0,,,,,,,,45038860
오세아니아,2021-01-28,57249.0,1221.0,,,,,,,,45038860
오세아니아,2021-01-29,57293.0,1221.0,,,,,,,,45038860
오세아니아,2021-01-30,57306.0,1221.0,,,,,,,,45038860
오세아니아,2021-01-31,57328.0,1221.0,,,,,,,,45038860
오세아니아,2021-02-01,57400.0,1221.0,,,,,,,,45038860
오세아니아,2021-02-02,57430.0,1222.0,,,3251.0,3251.0,,,,45038860
오세아니아,2021-02-03,57474.0,1223.0,,,3251.0,3251.0,,,,45038860
오세아니아,2021-02-04,57533.0,1214.0,,,3251.0,3251.0,,,,45038860
오세아니아,2021-02-05,57576.0,1214.0,,,3251.0,3251.0,,,,45038860
오세아니아,2021-02-06,57594.0,1214.0,,,3251.0,3251.0,,,,45038860
오세아니아,2021-02-07,57603.0,1214.0,,,3251.0,3251.0,,,,45038860
오세아니아,2021-02-08,57658.0,1215.0,,,3251.0,3251.0,,,,45038860
오세아니아,2021-02-09,57688.0,1217.0,,,3251.0,3251.0,,,,45038860
오세아니아,2021-02-10,57746.0,1217.0,,,5283.0,4868.0,415.0,,,45038860
오세아니아,2021-02-11,57780.0,1217.0,,,5283.0,4868.0,415.0,,,45038860
오세아니아,2021-02-12,57799.0,1217.0,,,5283.0,4868.0,415.0,,,45038860
오세아니아,2021-02-13,57811.0,1217.0,,,5283.0,4868.0,415.0,,,45038860
오세아니아,2021-02-14,57826.0,1217.0,,,5284.0,4869.0,415.0,,,45038860
오세아니아,2021-02-15,57896.0,1217.0,,,5285.0,4870.0,415.0,,,45038860
오세아니아,2021-02-16,57913.0,1218.0,,,8433.0,7084.0,1349.0,,,45038860
오세아니아,2021-02-17,57953.0,1219.0,,,8884.0,7346.0,1538.0,,,45038860
오세아니아,2021-02-18,57986.0,1219.0,,,8884.0,7346.0,1538.0,,,45038860
오세아니아,2021-02-19,58071.0,1219.0,,,8913.0,7375.0,1538.0,,,45038860
오세아니아,2021-02-20,58084.0,1221.0,,,8978.0,7440.0,1538.0,,,45038860
오세아니아,2021-02-21,58128.0,1221.0,,,9068.0,7529.0,1539.0,,,45038860
오세아니아,2021-02-22,58172.0,1221.0,,,12285.0,10746.0,1539.0,,,45038860
오세아니아,2021-02-23,58225.0,1222.0,,,20389.0,17245.0,3144.0,,,45038860
오세아니아,2021-02-24,58269.0,1222.0,,,30919.0,27775.0,3144.0,,,45038860
오세아니아,2021-02-25,58381.0,1223.0,,,38900.0,35750.0,3150.0,,,45038860
오세아니아,2021-02-26,58455.0,1223.0,,,46999.0,43847.0,3152.0,,,45038860
오세아니아,2021-02-27,58487.0,1223.0,,,50234.0,47081.0,3153.0,,,45038860
오세아니아,2021-02-28,58516.0,1224.0,,,53856.0,50703.0,3153.0,,,45038860
오세아니아,2021-03-01,58605.0,1224.0,,,64188.0,60054.0,4134.0,,,45038860
오세아니아,2021-03-02,58671.0,1224.0,,,75239.0,70877.0,4362.0,,,45038860
오세아니아,2021-03-03,58745.0,1225.0,,,87160.0,82795.0,4365.0,,,45038860
오세아니아,2021-03-04,58823.0,1225.0,,,99650.0,95281.0,4369.0,,,45038860
오세아니아,2021-03-05,58888.0,1225.0,,,106003.0,101628.0,4375.0,,,45038860
오세아니아,2021-03-06,58955.0,1227.0,,,111012.0,106635.0,4377.0,,,45038860
오세아니아,2021-03-07,59067.0,1227.0,,,116548.0,112171.0,4377.0,,,45038860
오세아니아,2021-03-08,59158.0,1227.0,,,126160.0,121783.0,4377.0,,,45038860
오세아니아,2021-03-09,59277.0,1228.0,,,148632.0,141780.0,6852.0,,,45038860
오세아니아,2021-03-10,59412.0,1228.0,,,166619.0,159766.0,6853.0,,,45038860
오세아니아,2021-03-11,59646.0,1228.0,,,178062.0,171205.0,6857.0,,,45038860
오세아니아,2021-03-12,59817.0,1229.0,,,203296.0,196431.0,6865.0,,,45038860
오세아니아,2021-03-13,59926.0,1229.0,,,207310.0,200439.0,6871.0,,,45038860
오세아니아,2021-03-14,60061.0,1229.0,,,210131.0,203245.0,6886.0,,,45038860
오세아니아,2021-03-15,60194.0,1229.0,,,229668.0,222327.0,7341.0,,,45038860
오세아니아,2021-03-16,60357.0,1230.0,,,265530.0,255203.0,10327.0,,,45038860
오세아니아,2021-03-17,60608.0,1230.0,,,290039.0,278526.0,11513.0,,,45038860
오세아니아,2021-03-18,60810.0,1230.0,,,306804.0,294082.0,12722.0,,,45038860
오세아니아,2021-03-19,61153.0,1230.0,,,322346.0,308162.0,14184.0,,,45038860
오세아니아,2021-03-20,61461.0,1230.0,,,326567.0,311514.0,15053.0,,,45038860
오세아니아,2021-03-21,61700.0,1230.0,,,353334.0,320882.0,32452.0,,,45038860
오세아니아,2021-03-22,61921.0,1230.0,,,386130.0,348951.0,37179.0,,,45038860
오세아니아,2021-03-23,62300.0,1230.0,,,448031.0,406268.0,41763.0,,,45038860
오세아니아,2021-03-24,62888.0,1230.0,,,501498.0,453952.0,47545.0,,,45038860
오세아니아,2021-03-25,63229.0,1230.0,,,556598.0,503231.0,53366.0,,,45038860
오세아니아,2021-03-26,63477.0,1230.0,,,607576.0,551085.0,56490.0,,,45038860
오세아니아,2021-03-27,63518.0,1230.0,,,627333.0,568694.0,58638.0,,,45038860
오세아니아,2021-03-28,63694.0,1230.0,,,646081.0,586244.0,59836.0,,,45038860
오세아니아,2021-03-29,64001.0,1231.0,,,706782.0,636302.0,70479.0,,,45038860
오세아니아,2021-03-30,64413.0,1231.0,,,799492.0,720086.0,79405.0,,,45038860
오세아니아,2021-03-31,64561.0,1231.0,,,880272.0,776810.0,103461.0,,,45038860
오세아니아,2021-04-01,64962.0,1231.0,,,966010.0,854775.0,111234.0,,,45038860
오세아니아,2021-04-02,65127.0,1231.0,,,972476.0,859829.0,112646.0,,,45038860
오세아니아,2021-04-03,65382.0,1233.0,,,989347.0,875408.0,113938.0,,,45038860
오세아니아,2021-04-04,65576.0,1233.0,,,991431.0,876984.0,114446.0,,,45038860
오세아니아,2021-04-05,65977.0,1233.0,,,1003318.0,887199.0,116118.0,,,45038860
오세아니아,2021-04-06,66234.0,1233.0,,,1073631.0,948709.0,124921.0,,,45038860
오세아니아,2021-04-07,66485.0,1233.0,,,1170639.0,1030616.0,140022.0,,,45038860
오세아니아,2021-04-08,66666.0,1233.0,,,1260170.0,1077681.0,182488.0,,,45038860
오세아니아,2021-04-09,67038.0,1233.0,,,1329051.0,1136702.0,192348.0,,,45038860
오세아니아,2021-04-10,67150.0,1233.0,,,1360713.0,1164973.0,195739.0,,,45038860
오세아니아,2021-04-11,67332.0,1233.0,,,1376008.0,1178268.0,197739.0,,,45038860
오세아니아,2021-04-12,67587.0,1233.0,,,1440157.0,1232401.0,207755.0,,,45038860
오세아니아,2021-04-13,67792.0,1234.0,,,1535206.0,1308859.0,226345.0,,,45038860
오세아니아,2021-04-14,68017.0,1234.0,,,1606996.0,1372295.0,234699.0,,,45038860
오세아니아,2021-04-15,68205.0,1234.0,,,1698429.0,1454778.0,243649.0,,,45038860
오세아니아,2021-04-16,68405.0,1234.0,,,1790210.0,1537763.0,252445.0,,,45038860
오세아니아,2021-04-17,68664.0,1235.0,,,1817615.0,1562112.0,255501.0,,,45038860
오세아니아,2021-04-18,68748.0,1235.0,,,1909331.0,1652534.0,256795.0,,,45038860
오세아니아,2021-04-19,68948.0,1235.0,,,1983193.0,1716918.0,266273.0,,,45038860
오세아니아,2021-04-20,69229.0,1235.0,,,2077562.0,1793988.0,283572.0,,,45038860
오세아니아,2021-04-21,69402.0,1235.0,,,2155342.0,1849677.0,305663.0,,,45038860
오세아니아,2021-04-22,69664.0,1235.0,,,2235667.0,1919201.0,316464.0,,,45038860
오세아니아,2021-04-23,69765.0,1235.0,,,2305809.0,1981467.0,324340.0,,,45038860
오세아니아,2021-04-24,69857.0,1235.0,,,2330496.0,2003675.0,326819.0,,,45038860
오세아니아,2021-04-25,70034.0,1235.0,,,2336285.0,2008533.0,327750.0,,,45038860
오세아니아,2021-04-26,70175.0,1235.0,,,2370390.0,2040935.0,329453.0,,,45038860
오세아니아,2021-04-27,70318.0,1235.0,,,2471664.0,2119519.0,352143.0,,,45038860
오세아니아,2021-04-28,70362.0,1235.0,,,2565382.0,2202847.0,362533.0,,,45038860
오세아니아,2021-04-29,70536.0,1340.0,,,2645126.0,2270001.0,375123.0,,,45038860
오세아니아,2021-04-30,70659.0,1340.0,,,2713837.0,2328019.0,385816.0,,,45038860
오세아니아,2021-05-01,70743.0,1340.0,,,2738549.0,2349256.0,389291.0,,,45038860
오세아니아,2021-05-02,70779.0,1340.0,,,2748635.0,2356716.0,391917.0,,,45038860
오세아니아,2021-05-03,70811.0,1356.0,,,2815730.0,2414641.0,401087.0,,,45038860
오세아니아,2021-05-04,70848.0,1357.0,,,2940286.0,2520806.0,419478.0,,,45038860
오세아니아,2021-05-05,71241.0,1358.0,,,3032270.0,2600760.0,431508.0,,,45038860
오세아니아,2021-05-06,71525.0,1360.0,,,3128305.0,2683711.0,444592.0,,,45038860
오세아니아,2021-05-07,71770.0,1360.0,,,3218392.0,2760167.0,458223.0,,,45038860
오세아니아,2021-05-08,71932.0,1360.0,,,3252264.0,2789551.0,462711.0,,,45038860
오세아니아,2021-05-09,72222.0,1360.0,,,3264497.0,2799568.0,464927.0,,,45038860
오세아니아,2021-05-10,72745.0,1360.0,,,3349388.0,2874082.0,475304.0,,,45038860
오세아니아,2021-05-11,73012.0,1360.0,,,3510721.0,3013781.0,496938.0,,,45038860
오세아니아,2021-05-12,73226.0,1360.0,,,3608300.0,3097564.0,510734.0,,,45038860
오세아니아,2021-05-13,73524.0,1361.0,,,3709969.0,3187191.0,522776.0,,,45038860
오세아니아,2021-05-14,73777.0,1361.0,,,3802197.0,3264086.0,538109.0,,,45038860
오세아니아,2021-05-15,73802.0,1361.0,,,3840822.0,3297420.0,543400.0,,,45038860
오세아니아,2021-05-16,74098.0,1361.0,,,3855997.0,3310000.0,545995.0,,,45038860
오세아니아,2021-05-17,74252.0,1376.0,,,3950236.0,3321360.0,628874.0,,,45038860
오세아니아,2021-05-18,74589.0,1376.0,,,4101015.0,3450877.0,650136.0,,,45038860
오세아니아,2021-05-19,74892.0,1376.0,,,4209352.0,3545105.0,664244.0,,,45038860
오세아니아,2021-05-20,75047.0,1376.0,,,4325979.0,3645637.0,680339.0,,,45038860
오세아니아,2021-05-21,75161.0,1376.0,,,4431164.0,3736552.0,687640.0,,,45038860
오세아니아,2021-05-22,75232.0,1376.0,,,4476607.0,3776309.0,691207.0,,,45038860
오세아니아,2021-05-23,75304.0,1376.0,,,4493507.0,3791281.0,692751.0,,,45038860
오세아니아,2021-05-24,75472.0,1396.0,,,4584082.0,3885135.0,698942.0,,,45038860
오세아니아,2021-05-25,75563.0,1397.0,,,4763168.0,4005009.0,759503.0,,,45038860
오세아니아,2021-05-26,75745.0,1397.0,,,4893281.0,4120644.0,773981.0,,,45038860
오세아니아,2021-05-27,76030.0,1397.0,,,5035051.0,4246833.0,789562.0,,,45038860
오세아니아,2021-05-28,76166.0,1397.0,,,5177357.0,4371995.0,806706.0,,,45038860
오세아니아,2021-05-29,76231.0,1410.0,,,5247345.0,4436228.0,812461.0,,,45038860
오세아니아,2021-05-30,76297.0,1410.0,,,5283252.0,4468975.0,815621.0,,,45038860
오세아니아,2021-05-31,76380.0,1410.0,,,5416862.0,4590739.0,827466.0,,,45038860
오세아니아,2021-06-01,76533.0,1410.0,,,5641229.0,4765681.0,878454.0,,,45038860
오세아니아,2021-06-02,76762.0,1410.0,,,5803471.0,4910420.0,895955.0,,,45038860
오세아니아,2021-06-03,76879.0,1412.0,,,5970568.0,5058844.0,914626.0,,,45038860
오세아니아,2021-06-04,77012.0,1412.0,,,6132266.0,5202375.0,932793.0,,,45038860
오세아니아,2021-06-05,77101.0,1412.0,,,6230561.0,5293537.0,939926.0,,,45038860
오세아니아,2021-06-06,77498.0,1412.0,,,6295838.0,5317558.0,981182.0,,,45038860
오세아니아,2021-06-07,77595.0,1412.0,,,6428711.0,5426597.0,1005016.0,,,45038860
오세아니아,2021-06-08,77882.0,1412.0,,,6705964.0,5668223.0,1041209.0,,,45038860
오세아니아,2021-06-09,77977.0,1412.0,,,6860202.0,5800048.0,1063621.0,,,45038860
오세아니아,2021-06-10,78074.0,1412.0,,,7036955.0,5950768.0,1089654.0,,,45038860
오세아니아,2021-06-11,78157.0,1413.0,,,7191440.0,5962746.0,1116346.0,,,45038860
오세아니아,2021-06-12,78254.0,1413.0,,,7264208.0,5970193.0,1127913.0,,,45038860
오세아니아,2021-06-13,78417.0,1413.0,,,7304074.0,6020982.0,1286556.0,,,45038860
오세아니아,2021-06-14,78587.0,1413.0,,,7385938.0,6059630.0,1329772.0,,,45038860
오세아니아,2021-06-15,78728.0,1416.0,,,7607096.0,6241842.0,1368718.0,,,45038860
오세아니아,2021-06-16,78927.0,1422.0,,,7767540.0,6357042.0,1413962.0,,,45038860
오세아니아,2021-06-17,79100.0,1423.0,,,7932170.0,6452503.0,1483131.0,,,45038860
오세아니아,2021-06-18,79269.0,1423.0,,,8083801.0,6570432.0,1516833.0,,,45038860
오세아니아,2021-06-19,79456.0,1423.0,,,8160642.0,6630024.0,1534082.0,,,45038860
오세아니아,2021-06-20,79736.0,1424.0,,,8202663.0,6644279.0,1561848.0,,,45038860
오세아니아,2021-06-21,79889.0,1424.0,,,8410844.0,6807959.0,1602870.0,,,45038860
오세아니아,2021-06-22,80140.0,1426.0,,,8574469.0,6834414.0,1740040.0,,,45038860
오세아니아,2021-06-23,80444.0,1430.0,,,8738394.0,6958285.0,1780094.0,,,45038860
오세아니아,2021-06-24,80801.0,1430.0,,,8901269.0,6990928.0,1910326.0,,,45038860
오세아니아,2021-06-25,81032.0,1431.0,,,9042983.0,7094608.0,1948360.0,,,45038860
오세아니아,2021-06-26,81351.0,1433.0,,,9126337.0,7108274.0,2018048.0,,,45038860
오세아니아,2021-06-27,81857.0,1433.0,,,9181719.0,7132486.0,2049218.0,,,45038860
오세아니아,2021-06-28,82127.0,1436.0,,,9324139.0,7267046.0,2057078.0,,,45038860
오세아니아,2021-06-29,82443.0,1440.0,,,9570649.0,7395477.0,2175157.0,,,45038860
오세아니아,2021-06-30,82763.0,1440.0,,,9690499.0,7418429.0,2272055.0,,,45038860
오세아니아,2021-07-01,83210.0,1443.0,,,9898778.0,7524012.0,2374751.0,,,45038860
오세아니아,2021-07-02,83640.0,1444.0,,,10073682.0,7606605.0,2467062.0,,,45038860
오세아니아,2021-07-03,84035.0,1446.0,,,10179385.0,7659494.0,2519876.0,,,45038860
오세아니아,2021-07-04,84839.0,1449.0,,,10236131.0,7691439.0,2544677.0,,,45038860
오세아니아,2021-07-05,85199.0,1453.0,,,10386924.0,7767657.0,2619251.0,,,45038860
오세아니아,2021-07-06,85864.0,1460.0,,,10639231.0,7910819.0,2728396.0,,,45038860
오세아니아,2021-07-07,86699.0,1464.0,,,10812020.0,7996191.0,2815813.0,,,45038860
오세아니아,2021-07-08,87466.0,1474.0,,,10993382.0,8084583.0,2908782.0,,,45038860
오세아니아,2021-07-09,88334.0,1479.0,,,11159819.0,8166441.0,2993361.0,,,45038860
오세아니아,2021-07-10,88869.0,1481.0,,,11274297.0,8225181.0,3049099.0,,,45038860
오세아니아,2021-07-11,89904.0,1484.0,,,11335352.0,8261119.0,3074216.0,,,45038860
오세아니아,2021-07-12,90858.0,1488.0,,,11499103.0,8341722.0,3157364.0,,,45038860
오세아니아,2021-07-13,91531.0,1491.0,,,11761546.0,8485525.0,3276003.0,,,45038860
오세아니아,2021-07-14,92174.0,1502.0,,,11956437.0,8579104.0,3377315.0,,,45038860
오세아니아,2021-07-15,93478.0,1514.0,,,12151907.0,8672225.0,3479663.0,,,45038860
오세아니아,2021-07-16,94953.0,1523.0,,,12336529.0,8763357.0,3573153.0,,,45038860
오세아니아,2021-07-17,96145.0,1528.0,,,12455596.0,8826984.0,3628593.0,,,45038860
오세아니아,2021-07-18,98065.0,1541.0,,,12521655.0,8863576.0,3658060.0,,,45038860
오세아니아,2021-07-19,98899.0,1559.0,,,12711184.0,8965371.0,3745794.0,,,45038860
오세아니아,2021-07-20,100134.0,1576.0,,,13008998.0,9126885.0,3882093.0,,,45038860
오세아니아,2021-07-21,101307.0,1597.0,,,13237931.0,9247195.0,3990716.0,,,45038860
오세아니아,2021-07-22,102298.0,1613.0,,,13458467.0,9361916.0,4096531.0,,,45038860
오세아니아,2021-07-23,102823.0,1625.0,,,13673907.0,9477500.0,4196387.0,,,45038860
오세아니아,2021-07-24,103507.0,1630.0,,,13817738.0,9558343.0,4259375.0,,,45038860
오세아니아,2021-07-25,105397.0,1641.0,,,13901297.0,9605178.0,4296099.0,,,45038860
오세아니아,2021-07-26,106815.0,1653.0,,,14111502.0,9719383.0,4392098.0,,,45038860
오세아니아,2021-07-27,107655.0,1666.0,,,14469128.0,9923220.0,4545887.0,,,45038860
오세아니아,2021-07-28,108880.0,1680.0,,,14733953.0,10064389.0,4669543.0,,,45038860
오세아니아,2021-07-29,110461.0,1691.0,,,14979126.0,10192098.0,4787007.0,,,45038860
오세아니아,2021-07-30,111867.0,1698.0,,,15232069.0,10330608.0,4901439.0,,,45038860
오세아니아,2021-07-31,112992.0,1704.0,,,15394941.0,10423123.0,4971795.0,,,45038860
오세아니아,2021-08-01,115301.0,1707.0,,,15493654.0,10479492.0,5014139.0,,,45038860
오세아니아,2021-08-02,116860.0,1724.0,,,15860258.0,10664146.0,5196086.0,,,45038860
오세아니아,2021-08-03,118493.0,1734.0,,,16122198.0,10801439.0,5320733.0,,,45038860
오세아니아,2021-08-04,120163.0,1749.0,,,16390394.0,10940898.0,5449468.0,,,45038860
오세아니아,2021-08-05,121659.0,1763.0,,,16672601.0,11091086.0,5581487.0,,,45038860
오세아니아,2021-08-06,123096.0,1777.0,,,16950695.0,11239682.0,5710983.0,,,45038860
오세아니아,2021-08-07,123787.0,1785.0,,,17143464.0,11338815.0,5804618.0,,,45038860
오세아니아,2021-08-08,126761.0,1789.0,,,17251380.0,11401457.0,5849891.0,,,45038860
오세아니아,2021-08-09,128875.0,1820.0,,,17624611.0,11609061.0,6015517.0,,,45038860
오세아니아,2021-08-10,130251.0,1841.0,,,17937962.0,11775346.0,6162581.0,,,45038860
오세아니아,2021-08-11,131808.0,1861.0,,,18249916.0,11939295.0,6310585.0,,,45038860
오세아니아,2021-08-12,133370.0,1872.0,,,18568770.0,12106487.0,6462246.0,,,45038860
오세아니아,2021-08-13,135359.0,1896.0,,,18894866.0,12279526.0,6615302.0,,,45038860
오세아니아,2021-08-14,135683.0,1910.0,,,19103188.0,12397412.0,6705737.0,,,45038860
오세아니아,2021-08-15,139770.0,1919.0,,,19223186.0,12473203.0,6749944.0,,,45038860
오세아니아,2021-08-16,142442.0,1967.0,,,19664590.0,12713477.0,6951073.0,,,45038860
오세아니아,2021-08-17,145277.0,1996.0,,,19994186.0,12893427.0,7100717.0,,,45038860
오세아니아,2021-08-18,147611.0,2017.0,,,20303043.0,13057792.0,7245209.0,,,45038860
오세아니아,2021-08-19,149935.0,2037.0,,,20636100.0,13239175.0,7396883.0,,,45038860
오세아니아,2021-08-20,151205.0,2066.0,,,21004993.0,13443137.0,7561814.0,,,45038860
오세아니아,2021-08-21,151434.0,2071.0,,,21254888.0,13589975.0,7664868.0,,,45038860
오세아니아,2021-08-22,157911.0,2078.0,,,21431763.0,13707672.0,7724044.0,,,45038860
오세아니아,2021-08-23,161495.0,2141.0,,,21866446.0,13949119.0,7917276.0,,,45038860
오세아니아,2021-08-24,163057.0,2167.0,,,22255647.0,14174845.0,8080748.0,,,45038860
오세아니아,2021-08-25,163539.0,2199.0,,,22679601.0,14419279.0,8260264.0,,,45038860
오세아니아,2021-08-26,164147.0,2228.0,,,23081892.0,14646538.0,8435295.0,,,45038860
오세아니아,2021-08-27,164623.0,2258.0,,,23489620.0,14887860.0,8601698.0,,,45038860
오세아니아,2021-08-28,164968.0,2264.0,,,23789068.0,15070753.0,8718249.0,,,45038860
오세아니아,2021-08-29,173577.0,2268.0,,,23995768.0,15214637.0,8781064.0,,,45038860
오세아니아,2021-08-30,174174.0,2323.0,,,24351073.0,15419195.0,8931807.0,,,45038860
오세아니아,2021-08-31,175016.0,2343.0,,,24906966.0,15731374.0,9175517.0,,,45038860
오세아니아,2021-09-01,177448.0,2386.0,,,25328140.0,15981580.0,9346482.0,,,45038860
오세아니아,2021-09-02,177898.0,2413.0,,,25719415.0,16206425.0,9512911.0,,,45038860
오세아니아,2021-09-03,178329.0,2438.0,,,26118820.0,16440186.0,9678554.0,,,45038860
오세아니아,2021-09-04,178565.0,2444.0,,,26410667.0,16623295.0,9787288.0,,,45038860
오세아니아,2021-09-05,189862.0,2451.0,,,26580008.0,16735364.0,9844559.0,,,45038860
오세아니아,2021-09-06,190312.0,2508.0,,,26905459.0,16917128.0,9988243.0,,,45038860
오세아니아,2021-09-07,190747.0,2531.0,,,27365068.0,17150240.0,10214737.0,,,45038860
오세아니아,2021-09-08,192816.0,2557.0,,,27743268.0,17366189.0,10376983.0,,,45038860
오세아니아,2021-09-09,193268.0,2580.0,,,28123723.0,17578877.0,10544748.0,,,45038860
오세아니아,2021-09-10,193608.0,2601.0,,,28492074.0,17777044.0,10714925.0,,,45038860
오세아니아,2021-09-11,194099.0,2612.0,,,28749758.0,17922557.0,10827093.0,,,45038860
오세아니아,2021-09-12,207360.0,2627.0,,,28916786.0,18022637.0,10894040.0,,,45038860
오세아니아,2021-09-13,208106.0,2674.0,,,29312638.0,18250093.0,11062431.0,,,45038860
오세아니아,2021-09-14,208316.0,2695.0,,,29823862.0,18519906.0,11303835.0,,,45038860
오세아니아,2021-09-15,209501.0,2711.0,,,30192225.0,18715479.0,11476616.0,,,45038860
오세아니아,2021-09-16,211175.0,2741.0,,,30555228.0,18909685.0,11645404.0,,,45038860
오세아니아,2021-09-17,212363.0,2795.0,,,30953805.0,19111152.0,11842499.0,,,45038860
오세아니아,2021-09-18,212801.0,2815.0,,,31234224.0,19263581.0,11970488.0,,,45038860
오세아니아,2021-09-19,225392.0,2822.0,,,31433422.0,19382679.0,12050584.0,,,45038860
오세아니아,2021-09-20,225650.0,2859.0,,,31804550.0,19574781.0,12229601.0,,,45038860
오세아니아,2021-09-21,226767.0,2881.0,,,32313085.0,19826958.0,12485950.0,,,45038860
오세아니아,2021-09-22,227715.0,2924.0,,,32699682.0,20022990.0,12676510.0,,,45038860
오세아니아,2021-09-23,229134.0,2981.0,,,33096470.0,20219629.0,12876656.0,,,45038860
오세아니아,2021-09-24,229594.0,2993.0,,,33457933.0,20381935.0,13075806.0,,,45038860
오세아니아,2021-09-25,230086.0,3023.0,,,33728521.0,20507864.0,13220464.0,,,45038860
오세아니아,2021-09-26,242704.0,3042.0,,,33898399.0,20592004.0,13306201.0,,,45038860
오세아니아,2021-09-27,243358.0,3081.0,,,34242190.0,20749419.0,13492572.0,,,45038860
오세아니아,2021-09-28,244466.0,3153.0,,,34724007.0,20961644.0,13762154.0,,,45038860
오세아니아,2021-09-29,245129.0,3176.0,,,35073091.0,21120534.0,13952345.0,,,45038860
오세아니아,2021-09-30,246010.0,3212.0,,,35459922.0,21291209.0,14168492.0,,,45038860
오세아니아,2021-10-01,246628.0,3247.0,,,35833857.0,21444501.0,14389128.0,,,45038860
오세아니아,2021-10-02,247220.0,3273.0,,,36094960.0,21549617.0,14545110.0,,,45038860
오세아니아,2021-10-03,262895.0,3296.0,,,36260310.0,21617964.0,14642110.0,,,45038860
오세아니아,2021-10-04,263431.0,3319.0,,,36501809.0,21716161.0,14785405.0,,,45038860
오세아니아,2021-10-05,264160.0,3353.0,,,37075932.0,21942924.0,15132758.0,,,45038860
오세아니아,2021-10-06,265193.0,3408.0,,,37482213.0,22089102.0,15392846.0,,,45038860
오세아니아,2021-10-07,266102.0,3446.0,,,37895813.0,22229458.0,15665927.0,,,45038860
오세아니아,2021-10-08,266778.0,3467.0,,,38312617.0,22360862.0,15951175.0,,,45038860
오세아니아,2021-10-09,267151.0,3494.0,,,38630561.0,22451987.0,16177845.0,,,45038860
오세아니아,2021-10-10,282754.0,3515.0,,,38838551.0,22512040.0,16325730.0,,,45038860
오세아니아,2021-10-11,283173.0,3542.0,,,39220561.0,22625231.0,16594307.0,,,45038860
오세아니아,2021-10-12,283872.0,3579.0,,,39736577.0,22780615.0,16954596.0,,,45038860
오세아니아,2021-10-13,284817.0,3625.0,,,40124454.0,22889241.0,17233565.0,,,45038860
오세아니아,2021-10-14,285319.0,3672.0,,,40505556.0,22998050.0,17505519.0,,,45038860
오세아니아,2021-10-15,285916.0,3711.0,,,40874489.0,23100287.0,17771751.0,,,45038860
오세아니아,2021-10-16,286203.0,3734.0,,,41201890.0,23191706.0,18007365.0,,,45038860
오세아니아,2021-10-17,301658.0,3750.0,,,41390742.0,23241816.0,18145886.0,,,45038860
오세아니아,2021-10-18,302493.0,3775.0,,,41810043.0,23369328.0,18437169.0,,,45038860
오세아니아,2021-10-19,302812.0,3796.0,,,42128469.0,23460130.0,18664217.0,,,45038860
오세아니아,2021-10-20,303955.0,3823.0,,,42446241.0,23550502.0,18890713.0,,,45038860
오세아니아,2021-10-21,304847.0,3849.0,,,42765033.0,23638777.0,19120409.0,,,45038860
오세아니아,2021-10-22,305622.0,3879.0,,,43081570.0,23722527.0,19352349.0,,,45038860
오세아니아,2021-10-23,306150.0,3902.0,,,43316196.0,23783713.0,19525359.0,,,45038860
오세아니아,2021-10-24,320346.0,3919.0,,,43460870.0,23829347.0,19624134.0,,,45038860
오세아니아,2021-10-25,320928.0,3949.0,,,43885725.0,23986350.0,19891225.0,,,45038860
오세아니아,2021-10-26,321525.0,3965.0,,,44152479.0,24060995.0,20082469.0,,,45038860
오세아니아,2021-10-27,322147.0,3991.0,,,44409706.0,24131823.0,20267486.0,,,45038860
오세아니아,2021-10-28,322694.0,4034.0,,,44678706.0,24204922.0,20462087.0,,,45038860
오세아니아,2021-10-29,323329.0,4053.0,,,44929171.0,24268194.0,20645486.0,,,45038860
오세아니아,2021-10-30,323844.0,4069.0,,,45114251.0,24312089.0,20783388.0,,,45038860
오세아니아,2021-10-31,334232.0,4087.0,,,45221771.0,24340235.0,20858849.0,,,45038860
오세아니아,2021-11-01,334622.0,4117.0,,,45530611.0,24419173.0,21063980.0,,,45038860
오세아니아,2021-11-02,335337.0,4142.0,,,45724611.0,24464878.0,21184072.0,,,45038860
오세아니아,2021-11-03,336122.0,4155.0,,,45947154.0,24510129.0,21334442.0,,,45038860
오세아니아,2021-11-04,336653.0,4187.0,,,46168318.0,24558087.0,21479927.0,,,45038860
오세아니아,2021-11-05,337359.0,4203.0,,,46393910.0,24607724.0,21632677.0,,,45038860
오세아니아,2021-11-06,337683.0,4219.0,,,46549087.0,24639292.0,21733127.0,,,45038860
오세아니아,2021-11-07,347738.0,4244.0,,,46629882.0,24659789.0,21789600.0,,,45038860
오세아니아,2021-11-08,348223.0,4257.0,,,46864528.0,24737379.0,21931854.0,,,45038860
오세아니아,2021-11-09,348599.0,4278.0,,,47036724.0,24778851.0,22046358.0,,,45038860
오세아니아,2021-11-10,349047.0,4296.0,,,47213411.0,24828364.0,22158223.0,,,45038860
오세아니아,2021-11-11,349555.0,4322.0,,,47398957.0,24883711.0,22272762.0,,,45038860
오세아니아,2021-11-12,349992.0,4329.0,,,47582756.0,24938097.0,22387170.0,,,45038860
오세아니아,2021-11-13,350361.0,4360.0,,,47700588.0,24972859.0,22463863.0,,,45038860
오세아니아,2021-11-14,359257.0,4368.0,,,47776647.0,24998620.0,22510932.0,,,45038860
오세아니아,2021-11-15,359581.0,4377.0,,,47994152.0,25075568.0,22640171.0,,,45038860
오세아니아,2021-11-16,359986.0,4390.0,,,48152250.0,25122800.0,22737110.0,,,45038860
오세아니아,2021-11-17,360826.0,4445.0,,,48301754.0,25167445.0,22827376.0,,,45038860
오세아니아,2021-11-18,361502.0,4469.0,,,48451026.0,25213019.0,22916971.0,,,45038860
오세아니아,2021-11-19,362023.0,4486.0,,,48594608.0,25254436.0,23006586.0,,,45038860
오세아니아,2021-11-20,362345.0,4498.0,,,48688508.0,25281834.0,23065445.0,,,45038860
오세아니아,2021-11-21,371927.0,4558.0,,,48721924.0,25292794.0,23086005.0,,,45038860
오세아니아,2021-11-22,372330.0,4566.0,,,49079593.0,25442010.0,23280687.0,,,45038860
오세아니아,2021-11-23,372831.0,4588.0,,,49208003.0,25480465.0,23354851.0,,,45038860
오세아니아,2021-11-24,373241.0,4601.0,,,49333664.0,25518328.0,23427571.0,,,45038860
오세아니아,2021-11-25,373573.0,4608.0,,,49458766.0,25554703.0,23500416.0,,,45038860
오세아니아,2021-11-26,373860.0,4618.0,,,49586319.0,25588726.0,23573686.0,,,45038860
오세아니아,2021-11-27,374121.0,4626.0,,,49663573.0,25610025.0,23618754.0,,,45038860
오세아니아,2021-11-28,384221.0,4635.0,,,49710450.0,25624018.0,23645999.0,,,45038860
오세아니아,2021-11-29,385340.0,4642.0,,,49847533.0,25655674.0,23712330.0,,,45038860
오세아니아,2021-11-30,385636.0,4648.0,,,50094205.0,25738603.0,23837889.0,,,45038860
오세아니아,2021-12-01,386081.0,4662.0,,,50227105.0,25768724.0,23901682.0,,,45038860
오세아니아,2021-12-02,386343.0,4672.0,,,50366131.0,25798762.0,23970801.0,,,45038860
오세아니아,2021-12-03,386600.0,4679.0,,,50503902.0,25826465.0,24039780.0,,,45038860
오세아니아,2021-12-04,386750.0,4687.0,,,50580124.0,25842670.0,24082175.0,,,45038860
오세아니아,2021-12-05,397526.0,4702.0,,,50622715.0,25852672.0,24107234.0,,,45038860
오세아니아,2021-12-06,397834.0,4730.0,,,50760000.0,25888807.0,24176264.0,,,45038860
오세아니아,2021-12-07,397993.0,4735.0,,,50872712.0,25911222.0,24232369.0,,,45038860
오세아니아,2021-12-08,398265.0,4741.0,,,50991110.0,25933852.0,24289848.0,,,45038860
오세아니아,2021-12-09,398782.0,4762.0,,,51109533.0,25956187.0,24346675.0,,,45038860
오세아니아,2021-12-10,398906.0,4768.0,,,51216924.0,25974747.0,24397278.0,,,45038860
오세아니아,2021-12-11,399304.0,4771.0,,,51282420.0,25986664.0,24429916.0,,,45038860
오세아니아,2021-12-12,412952.0,4780.0,,,51312826.0,25991392.0,24443235.0,,,45038860
오세아니아,2021-12-13,413068.0,4792.0,,,51575924.0,26055629.0,24558264.0,,,45038860
오세아니아,2021-12-14,413289.0,4802.0,,,51758099.0,26077043.0,24612335.0,,,45038860
오세아니아,2021-12-15,413564.0,4811.0,,,51962104.0,26099062.0,24666546.0,,,45038860
오세아니아,2021-12-16,413777.0,4821.0,,,52182095.0,26121686.0,24721700.0,,,45038860
오세아니아,2021-12-17,413984.0,4827.0,,,52412315.0,26144403.0,24776422.0,,,45038860
오세아니아,2021-12-18,414125.0,4840.0,,,52533040.0,26157049.0,24806472.0,,,45038860
오세아니아,2021-12-19,445771.0,4844.0,,,52603739.0,26165840.0,24824354.0,,,45038860
오세아니아,2021-12-20,445919.0,4854.0,,,52863612.0,26198220.0,24897538.0,,,45038860
오세아니아,2021-12-21,446126.0,4864.0,,,53092367.0,26217609.0,24937300.0,,,45038860
오세아니아,2021-12-22,446398.0,4875.0,,,53330847.0,26236348.0,24975453.0,,,45038860
오세아니아,2021-12-23,446650.0,4884.0,,,53544663.0,26253861.0,25010085.0,,,45038860
오세아니아,2021-12-24,446881.0,4893.0,,,53558231.0,26254570.0,25014562.0,,,45038860
오세아니아,2021-12-25,446991.0,4906.0,,,53558340.0,26254575.0,25014614.0,,,45038860
오세아니아,2021-12-26,546970.0,4918.0,,,53703956.0,26268315.0,25036370.0,,,45038860
오세아니아,2021-12-27,547174.0,4930.0,,,53739137.0,26271670.0,25042366.0,,,45038860
오세아니아,2021-12-28,547482.0,4940.0,,,53781361.0,26275886.0,25049674.0,,,45038860
오세아니아,2021-12-29,547910.0,4956.0,,,53953923.0,26289548.0,25079879.0,,,45038860
오세아니아,2021-12-30,548238.0,4975.0,,,54137254.0,26304509.0,25107622.0,,,45038860
오세아니아,2021-12-31,548908.0,4989.0,,,54154963.0,26305175.0,25111161.0,,,45038860
오세아니아,2022-01-01,549616.0,5009.0,,,54156401.0,26305230.0,25111518.0,,,45038860
오세아니아,2022-01-02,839812.0,5032.0,,,54347121.0,26321252.0,25134332.0,,,45038860
오세아니아,2022-01-03,840183.0,5056.0,,,54397747.0,26325220.0,25140145.0,,,45038860
오세아니아,2022-01-04,840648.0,5074.0,,,54675325.0,26359318.0,25202061.0,,,45038860
오세아니아,2022-01-05,841481.0,5102.0,,,54984688.0,26373821.0,25232475.0,,,45038860
오세아니아,2022-01-06,841926.0,5125.0,,,55306769.0,26389615.0,25261853.0,,,45038860
오세아니아,2022-01-07,843239.0,5163.0,,,55622565.0,26404427.0,25290519.0,,,45038860
오세아니아,2022-01-08,844142.0,5218.0,,,55811120.0,26413425.0,25306869.0,,,45038860
오세아니아,2022-01-09,1433438.0,5268.0,,,55923282.0,26418947.0,25316721.0,,,45038860
오세아니아,2022-01-10,1433932.0,5317.0,,,56265199.0,26469315.0,25344253.0,,,45038860
오세아니아,2022-01-11,1434630.0,5372.0,,,56661718.0,26544743.0,25375680.0,,,45038860
오세아니아,2022-01-12,1436193.0,5435.0,,,57054893.0,26616153.0,25400492.0,,,45038860
오세아니아,2022-01-13,1436977.0,5506.0,,,57447904.0,26688130.0,25424618.0,,,45038860
오세아니아,2022-01-14,1438387.0,5583.0,,,57832048.0,26762558.0,25447038.0,,,45038860
오세아니아,2022-01-15,1438719.0,5660.0,,,58047870.0,26811247.0,25457843.0,,,45038860
오세아니아,2022-01-16,1901357.0,5736.0,,,58174059.0,26844578.0,25463815.0,,,45038860
오세아니아,2022-01-17,1902091.0,5846.0,,,58557442.0,26930922.0,25481665.0,,,45038860
오세아니아,2022-01-18,1904302.0,5934.0,,,58960476.0,27025294.0,25514359.0,,,45038860
오세아니아,2022-01-19,1905933.0,6018.0,,,59344538.0,27108925.0,25532459.0,,,45038860
오세아니아,2022-01-20,1907545.0,6109.0,,,59749641.0,27191538.0,25551630.0,,,45038860
오세아니아,2022-01-21,1908630.0,6239.0,,,60142351.0,27271136.0,25569442.0,,,45038860
오세아니아,2022-01-22,1908965.0,6341.0,,,60373822.0,27321553.0,25578088.0,,,45038860
오세아니아,2022-01-23,2257248.0,6439.0,,,60523516.0,27357198.0,25583801.0,,,45038860
오세아니아,2022-01-24,2261507.0,6543.0,,,60961240.0,27447187.0,25627355.0,,,45038860
오세아니아,2022-01-25,2262733.0,6658.0,,,61359101.0,27522586.0,25644172.0,,,45038860
오세아니아,2022-01-26,2265864.0,6764.0,,,61510846.0,27555684.0,25651306.0,,,45038860
오세아니아,2022-01-27,2268105.0,6858.0,,,61878587.0,27623152.0,25671122.0,,,45038860
오세아니아,2022-01-28,2270620.0,6966.0,,,62248281.0,27690811.0,25691240.0,,,45038860
오세아니아,2022-01-29,2270899.0,7067.0,,,62462604.0,27732888.0,25702903.0,,,45038860
오세아니아,2022-01-30,2539834.0,7159.0,,,62571973.0,27756271.0,25709934.0,,,45038860
오세아니아,2022-01-31,2543071.0,7258.0,,,62872413.0,27802254.0,25734861.0,,,45038860
오세아니아,2022-02-01,2548411.0,7365.0,,,63189510.0,27840881.0,25754122.0,,,45038860
오세아니아,2022-02-02,2552155.0,7451.0,,,63503298.0,27873919.0,25771183.0,,,45038860
오세아니아,2022-02-03,2554520.0,7543.0,,,63809896.0,27904601.0,25787883.0,,,45038860
오세아니아,2022-02-04,2555764.0,7643.0,,,64131256.0,27933987.0,25805165.0,,,45038860
오세아니아,2022-02-05,2556971.0,7720.0,,,64314776.0,27955409.0,25815005.0,,,45038860
오세아니아,2022-02-06,2760512.0,7790.0,,,64412681.0,27966659.0,25820502.0,,,45038860
오세아니아,2022-02-07,2768181.0,7864.0,,,64684458.0,28002024.0,25853327.0,,,45038860
오세아니아,2022-02-08,2773090.0,7941.0,,,64969906.0,28022900.0,25868154.0,,,45038860
오세아니아,2022-02-09,2777757.0,8030.0,,,65245094.0,28042630.0,25883540.0,,,45038860
오세아니아,2022-02-10,2782813.0,8104.0,,,65501428.0,28060222.0,25898272.0,,,45038860
오세아니아,2022-02-11,2783736.0,8163.0,,,65766353.0,28078427.0,25913056.0,,,45038860
오세아니아,2022-02-12,2784837.0,8227.0,,,65931007.0,28094358.0,25921364.0,,,45038860
오세아니아,2022-02-13,2963871.0,8292.0,,,66003330.0,28100330.0,25925206.0,,,45038860
오세아니아,2022-02-14,2968584.0,8352.0,,,66239035.0,28121668.0,25947243.0,,,45038860
오세아니아,2022-02-15,2974450.0,8428.0,,,66449744.0,28134466.0,25959177.0,,,45038860
오세아니아,2022-02-16,2978010.0,8482.0,,,66650596.0,28147314.0,25969785.0,,,45038860
오세아니아,2022-02-17,2985560.0,8534.0,,,66840813.0,28160354.0,25981173.0,,,45038860
오세아니아,2022-02-18,2991119.0,8597.0,,,67039950.0,28176081.0,25993444.0,,,45038860
오세아니아,2022-02-19,2993638.0,8652.0,,,67165427.0,28188975.0,26000750.0,,,45038860
오세아니아,2022-02-20,3157432.0,8696.0,,,67224121.0,28194261.0,26004262.0,,,45038860
오세아니아,2022-02-21,3162316.0,8733.0,,,67428851.0,28221477.0,26034927.0,,,45038860
오세아니아,2022-02-22,3169279.0,8763.0,,,67590042.0,28235310.0,26045234.0,,,45038860
오세아니아,2022-02-23,3182485.0,8824.0,,,67742150.0,28248575.0,26055156.0,,,45038860
오세아니아,2022-02-24,3196209.0,8875.0,,,67894569.0,28261569.0,26065136.0,,,45038860
오세아니아,2022-02-25,3211435.0,8919.0,,,68051920.0,28274940.0,26075564.0,,,45038860
오세아니아,2022-02-26,3227295.0,8960.0,,,68151990.0,28285388.0,26081884.0,,,45038860
오세아니아,2022-02-27,3401892.0,8989.0,,,68198377.0,28289780.0,26084798.0,,,45038860
오세아니아,2022-02-28,3425759.0,9028.0,,,68378674.0,28314301.0,26131263.0,,,45038860
오세아니아,2022-03-01,3449090.0,9057.0,,,68490798.0,28323806.0,26139520.0,,,45038860
오세아니아,2022-03-02,3474033.0,9086.0,,,68598349.0,28332741.0,26147855.0,,,45038860
오세아니아,2022-03-03,3497869.0,9131.0,,,68702216.0,28341693.0,26156369.0,,,45038860
오세아니아,2022-03-04,3516866.0,9139.0,,,68811846.0,28351021.0,26166054.0,,,45038860
오세아니아,2022-03-05,3533304.0,9163.0,,,68881205.0,28358474.0,26174295.0,,,45038860
오세아니아,2022-03-06,3748984.0,9187.0,,,68910937.0,28361462.0,26178339.0,,,45038860
오세아니아,2022-03-07,3774524.0,9210.0,,,69037387.0,28386334.0,26216554.0,,,45038860
오세아니아,2022-03-08,3798658.0,9235.0,,,69138174.0,28393908.0,26242124.0,,,45038860
오세아니아,2022-03-09,3821431.0,9276.0,,,69239589.0,28400916.0,26270901.0,,,45038860
오세아니아,2022-03-10,3843322.0,9295.0,,,69342196.0,28407638.0,26301772.0,,,45038860
오세아니아,2022-03-11,3862542.0,9319.0,,,69459324.0,28415075.0,26338607.0,,,45038860
오세아니아,2022-03-12,3877084.0,9347.0,,,69541440.0,28420390.0,26374382.0,,,45038860
오세아니아,2022-03-13,4136164.0,9383.0,,,69580206.0,28423134.0,26393015.0,,,45038860
오세아니아,2022-03-14,4158903.0,9419.0,,,69683129.0,28441647.0,26431935.0,,,45038860
오세아니아,2022-03-15,4179450.0,9466.0,,,69789864.0,28447982.0,26473557.0,,,45038860
오세아니아,2022-03-16,4200139.0,9493.0,,,69893935.0,28454406.0,26515032.0,,,45038860
오세아니아,2022-03-17,4215597.0,9526.0,,,69996020.0,28460875.0,26555186.0,,,45038860
오세아니아,2022-03-18,4234278.0,9546.0,,,70107610.0,28467302.0,26601470.0,,,45038860
오세아니아,2022-03-19,4246663.0,9561.0,,,70192016.0,28471849.0,26647569.0,,,45038860
오세아니아,2022-03-20,4590965.0,9595.0,,,70234173.0,28474142.0,26672470.0,,,45038860
오세아니아,2022-03-21,4613248.0,9616.0,,,70397421.0,28524396.0,26735757.0,,,45038860
오세아니아,2022-03-22,4634840.0,9657.0,,,70488904.0,28529742.0,26772061.0,,,45038860
오세아니아,2022-03-23,4655188.0,9687.0,,,70568910.0,28534500.0,26800319.0,,,45038860
오세아니아,2022-03-24,4672577.0,9728.0,,,70655186.0,28539699.0,26833277.0,,,45038860
오세아니아,2022-03-25,4687764.0,9764.0,,,70749309.0,28544892.0,26871309.0,,,45038860
오세아니아,2022-03-26,4698165.0,9794.0,,,70820035.0,28548701.0,26910532.0,,,45038860
오세아니아,2022-03-27,5099740.0,9828.0,,,70854315.0,28550818.0,26929986.0,,,45038860
오세아니아,2022-03-28,5118005.0,9897.0,,,70962043.0,28571442.0,26973817.0,,,45038860
오세아니아,2022-03-29,5134887.0,9943.0,,,71031319.0,28575923.0,26997950.0,,,45038860
오세아니아,2022-03-30,5152070.0,10001.0,,,71096684.0,28580219.0,27019926.0,,,45038860
오세아니아,2022-03-31,5166699.0,10044.0,,,71161594.0,28584395.0,27043464.0,,,45038860
오세아니아,2022-04-01,5178350.0,10093.0,,,71226226.0,28588725.0,27066509.0,,,45038860
오세아니아,2022-04-02,5187234.0,10141.0,,,71272403.0,28591784.0,27090546.0,,,45038860
오세아니아,2022-04-03,5597099.0,10190.0,,,71294670.0,28592996.0,27102673.0,,,45038860
오세아니아,2022-04-04,5612408.0,10244.0,,,71715401.0,28609149.0,27122679.0,,,45038860
오세아니아,2022-04-05,5625560.0,10299.0,,,71766050.0,28612709.0,27138733.0,,,45038860
오세아니아,2022-04-06,5638757.0,10347.0,,,71814422.0,28616115.0,27153609.0,,,45038860
오세아니아,2022-04-07,5649690.0,10378.0,,,71862324.0,28619364.0,27168072.0,,,45038860
오세아니아,2022-04-08,5658178.0,10433.0,,,71913335.0,28619525.0,27184755.0,,,45038860
오세아니아,2022-04-09,5665001.0,10468.0,,,71941438.0,28619761.0,27196710.0,,,45038860
오세아니아,2022-04-10,6034257.0,10514.0,,,72107402.0,28619823.0,27202956.0,,,45038860
오세아니아,2022-04-11,6046090.0,10566.0,,,72307258.0,28654672.0,27276178.0,,,45038860
오세아니아,2022-04-12,6056735.0,10642.0,,,72353328.0,28654800.0,27290465.0,,,45038860
오세아니아,2022-04-13,6066632.0,10725.0,,,72394850.0,28654906.0,27303656.0,,,45038860
오세아니아,2022-04-14,6074469.0,10789.0,,,72438262.0,28655075.0,27317009.0,,,45038860
오세아니아,2022-04-15,6080196.0,10825.0,,,72442109.0,28655087.0,27318351.0,,,45038860
오세아니아,2022-04-16,6086161.0,10875.0,,,72453000.0,28655158.0,27322393.0,,,45038860
오세아니아,2022-04-17,6398939.0,10909.0,,,72517956.0,28655176.0,27323166.0,,,45038860
오세아니아,2022-04-18,6410671.0,10973.0,,,72551150.0,28666436.0,27338142.0,,,45038860
오세아니아,2022-04-19,6422691.0,11025.0,,,72590117.0,28666571.0,27350319.0,,,45038860
오세아니아,2022-04-20,6433768.0,11087.0,,,72626626.0,28666718.0,27361472.0,,,45038860
오세아니아,2022-04-21,6443620.0,11145.0,,,72662490.0,28666841.0,27372115.0,,,45038860
오세아니아,2022-04-22,6451551.0,11201.0,,,72699461.0,28666971.0,27384034.0,,,45038860
오세아니아,2022-04-23,6457481.0,11260.0,,,72720688.0,28667082.0,27392894.0,,,45038860
오세아니아,2022-04-24,6755471.0,11322.0,,,72861525.0,28667137.0,27396610.0,,,45038860
오세아니아,2022-04-25,6762038.0,11366.0,,,72922142.0,28701034.0,27409131.0,,,45038860
오세아니아,2022-04-26,6774254.0,11428.0,,,72953190.0,28701215.0,27418178.0,,,45038860
오세아니아,2022-04-27,6783600.0,11481.0,,,72980463.0,28701362.0,27425771.0,,,45038860
오세아니아,2022-04-28,6793118.0,11544.0,,,73007282.0,28701540.0,27432947.0,,,45038860
오세아니아,2022-04-29,6800160.0,11594.0,,,73035533.0,28701710.0,27441061.0,,,45038860
오세아니아,2022-04-30,6805848.0,11652.0,,,73052734.0,28701844.0,27447940.0,,,45038860
오세아니아,2022-05-01,7086405.0,11698.0,,,73213925.0,28701895.0,27449994.0,,,45038860
오세아니아,2022-05-02,7095932.0,11753.0,,,73298269.0,28717166.0,27482637.0,,,45038860
오세아니아,2022-05-03,7106172.0,11816.0,,,73319405.0,28717255.0,27487223.0,,,45038860
오세아니아,2022-05-04,7115056.0,11882.0,,,73339857.0,28717332.0,27491686.0,,,45038860
오세아니아,2022-05-05,7123406.0,11929.0,,,73361044.0,28717393.0,27496161.0,,,45038860
오세아니아,2022-05-06,7130150.0,12019.0,,,73382290.0,28717481.0,27501258.0,,,45038860
오세아니아,2022-05-07,7135918.0,12074.0,,,73394192.0,28717615.0,27505235.0,,,45038860
오세아니아,2022-05-08,7447181.0,12122.0,,,73604142.0,28717636.0,27506258.0,,,45038860
오세아니아,2022-05-09,7457328.0,12175.0,,,73625296.0,28718114.0,27529691.0,,,45038860
오세아니아,2022-05-10,7467090.0,12254.0,,,73643706.0,28718167.0,27533189.0,,,45038860
오세아니아,2022-05-11,7476857.0,12321.0,,,73662015.0,28718250.0,27536790.0,,,45038860
오세아니아,2022-05-12,7484487.0,12399.0,,,73680580.0,28718317.0,27540408.0,,,45038860
오세아니아,2022-05-13,7491672.0,12466.0,,,73699691.0,28718384.0,27544458.0,,,45038860
오세아니아,2022-05-14,7497579.0,12530.0,,,73706763.0,28718514.0,27545056.0,,,45038860
오세아니아,2022-05-15,7860668.0,12593.0,,,73967157.0,28718549.0,27548921.0,,,45038860
오세아니아,2022-05-16,7870799.0,12634.0,,,74004701.0,28736783.0,27552081.0,,,45038860
오세아니아,2022-05-17,7877266.0,12709.0,,,74021161.0,28736869.0,27555071.0,,,45038860
오세아니아,2022-05-18,7886655.0,12769.0,,,74038251.0,28736932.0,27558239.0,,,45038860
오세아니아,2022-05-19,7894671.0,12832.0,,,74055613.0,28737020.0,27561610.0,,,45038860
오세아니아,2022-05-20,7901374.0,12880.0,,,74072931.0,28737088.0,27565217.0,,,45038860
오세아니아,2022-05-21,7906472.0,12934.0,,,74082337.0,28737188.0,27567907.0,,,45038860
오세아니아,2022-05-22,8224781.0,12999.0,,,74351738.0,28737221.0,27569084.0,,,45038860
오세아니아,2022-05-23,8233359.0,13062.0,,,74436583.0,28741546.0,27598391.0,,,45038860
오세아니아,2022-05-24,8242336.0,13131.0,,,74499958.0,28741660.0,27601143.0,,,45038860
오세아니아,2022-05-25,8250351.0,13208.0,,,74563123.0,28741737.0,27603823.0,,,45038860
오세아니아,2022-05-26,8257790.0,13289.0,,,74627792.0,28741889.0,27606620.0,,,45038860
오세아니아,2022-05-27,8264145.0,13340.0,,,74689269.0,28741980.0,27609956.0,,,45038860
오세아니아,2022-05-28,8269019.0,13396.0,,,74704703.0,28742166.0,27610650.0,,,45038860
오세아니아,2022-05-29,8515896.0,13444.0,,,74721992.0,28742191.0,27614152.0,,,45038860
오세아니아,2022-05-30,8527519.0,13510.0,,,74778556.0,28742489.0,27617179.0,,,45038860
오세아니아,2022-05-31,8536408.0,13569.0,,,74838862.0,28742575.0,27619693.0,,,45038860
오세아니아,2022-06-01,8544841.0,13627.0,,,74899674.0,28742671.0,27622243.0,,,45038860
오세아니아,2022-06-02,8551284.0,13692.0,,,74960448.0,28742761.0,27624842.0,,,45038860
오세아니아,2022-06-03,8557659.0,13754.0,,,75016616.0,28742871.0,27628139.0,,,45038860
오세아니아,2022-06-04,8562866.0,13804.0,,,75029087.0,28742948.0,27628600.0,,,45038860
오세아니아,2022-06-05,8768053.0,13852.0,,,75042752.0,28742962.0,27631313.0,,,45038860
오세아니아,2022-06-06,8774211.0,13909.0,,,75107745.0,28750631.0,27641026.0,,,45038860
오세아니아,2022-06-07,8782164.0,13988.0,,,75164935.0,28750719.0,27643520.0,,,45038860
오세아니아,2022-06-08,8790239.0,14061.0,,,75218801.0,28750800.0,27645916.0,,,45038860
오세아니아,2022-06-09,8796768.0,14116.0,,,75274745.0,28750873.0,27648547.0,,,45038860
오세아니아,2022-06-10,8802820.0,14162.0,,,75322157.0,28750952.0,27651345.0,,,45038860
오세아니아,2022-06-11,8807483.0,14224.0,,,75323984.0,28751095.0,27652003.0,,,45038860
오세아니아,2022-06-12,9003042.0,14275.0,,,75334878.0,28751137.0,27652240.0,,,45038860
오세아니아,2022-06-13,9003372.0,14345.0,,,75364238.0,28751370.0,27660518.0,,,45038860
오세아니아,2022-06-14,9009602.0,14400.0,,,75420872.0,28751480.0,27665096.0,,,45038860
오세아니아,2022-06-15,9015227.0,14455.0,,,75471440.0,28751556.0,27667447.0,,,45038860
오세아니아,2022-06-16,9020275.0,14508.0,,,75519679.0,28751619.0,27668389.0,,,45038860
오세아니아,2022-06-17,9025367.0,14570.0,,,75571737.0,28754608.0,27673441.0,,,45038860
오세아니아,2022-06-18,9028822.0,14632.0,,,75588326.0,28754755.0,27674175.0,,,45038860
오세아니아,2022-06-19,9224733.0,14686.0,,,75591804.0,28754780.0,27674456.0,,,45038860
오세아니아,2022-06-20,9230914.0,14759.0,,,75642271.0,28755059.0,27680172.0,,,45038860
오세아니아,2022-06-21,9237555.0,14823.0,,,75689009.0,28755130.0,27680501.0,,,45038860
오세아니아,2022-06-22,9243212.0,14881.0,,,75733105.0,28755205.0,27680815.0,,,45038860
오세아니아,2022-06-23,9243393.0,14931.0,,,75779731.0,28755296.0,27681282.0,,,45038860
오세아니아,2022-06-24,9252857.0,15015.0,,,75818882.0,28755323.0,27681439.0,,,45038860
오세아니아,2022-06-25,9259127.0,15062.0,,,75832634.0,28755443.0,27682091.0,,,45038860
오세아니아,2022-06-26,9476779.0,15117.0,,,75838457.0,28755477.0,27682284.0,,,45038860
오세아니아,2022-06-27,9478403.0,15175.0,,,75894002.0,28762178.0,27689527.0,,,45038860
오세아니아,2022-06-28,9487993.0,15236.0,,,75940123.0,28762248.0,27689843.0,,,45038860
오세아니아,2022-06-29,9496359.0,15307.0,,,75984442.0,28762316.0,27690204.0,,,45038860
오세아니아,2022-06-30,9503779.0,15357.0,,,76028432.0,28762397.0,27690598.0,,,45038860
오세아니아,2022-07-01,9511050.0,15426.0,,,76067677.0,28762483.0,27691002.0,,,45038860
오세아니아,2022-07-02,9516816.0,15491.0,,,76081229.0,28762610.0,27691613.0,,,45038860
오세아니아,2022-07-03,9516816.0,15538.0,,,76084610.0,28762660.0,27691881.0,,,45038860
오세아니아,2022-07-04,9767321.0,15619.0,,,76130387.0,28763684.0,27692419.0,,,45038860
오세아니아,2022-07-05,9777684.0,15674.0,,,76178392.0,28763739.0,27692755.0,,,45038860
오세아니아,2022-07-06,9795963.0,15746.0,,,76231689.0,28763814.0,27693092.0,,,45038860
오세아니아,2022-07-07,9803039.0,15831.0,,,76292593.0,28763884.0,27693401.0,,,45038860
오세아니아,2022-07-08,9817102.0,15914.0,,,76365258.0,28763962.0,27693744.0,,,45038860
오세아니아,2022-07-09,9826712.0,15976.0,,,76393318.0,28764043.0,27694353.0,,,45038860
오세아니아,2022-07-10,9834213.0,16051.0,,,76404428.0,28764088.0,27694628.0,,,45038860
오세아니아,2022-07-11,10114897.0,16135.0,,,76536313.0,28768282.0,27701737.0,,,45038860
오세아니아,2022-07-12,10127240.0,16225.0,,,76669894.0,28768395.0,27702230.0,,,45038860
오세아니아,2022-07-13,10140230.0,16305.0,,,76803382.0,28768507.0,27702757.0,,,45038860
오세아니아,2022-07-14,10152693.0,16379.0,,,76938342.0,28768627.0,27703308.0,,,45038860
오세아니아,2022-07-15,10163891.0,16470.0,,,77074303.0,28768732.0,27703924.0,,,45038860
오세아니아,2022-07-16,10173501.0,16570.0,,,77131368.0,28768849.0,27704452.0,,,45038860
오세아니아,2022-07-17,10180209.0,16659.0,,,77154802.0,28768894.0,27704625.0,,,45038860
오세아니아,2022-07-18,10491109.0,16751.0,,,77287356.0,28775470.0,27712036.0,,,45038860
오세아니아,2022-07-19,10502203.0,16872.0,,,77412773.0,28775576.0,27712579.0,,,45038860
오세아니아,2022-07-20,10514273.0,16970.0,,,77534289.0,28775688.0,27713114.0,,,45038860
오세아니아,2022-07-21,10525145.0,17093.0,,,77663006.0,28775982.0,27715669.0,,,45038860
오세아니아,2022-07-22,10534655.0,17210.0,,,77783822.0,28776120.0,27716392.0,,,45038860
오세아니아,2022-07-23,10542824.0,17318.0,,,77834243.0,28776219.0,27716927.0,,,45038860
오세아니아,2022-07-24,10548563.0,17407.0,,,77852032.0,28776305.0,27717135.0,,,45038860
오세아니아,2022-07-25,10876524.0,17598.0,,,77964278.0,28782412.0,27723778.0,,,45038860
오세아니아,2022-07-26,10887508.0,17739.0,,,78071249.0,28782455.0,27723965.0,,,45038860
오세아니아,2022-07-27,10898471.0,17843.0,,,78168430.0,28782504.0,27724181.0,,,45038860
오세아니아,2022-07-28,10907164.0,17938.0,,,78263604.0,28782565.0,27724396.0,,,45038860
오세아니아,2022-07-29,10916824.0,18024.0,,,78350429.0,28782660.0,27724641.0,,,45038860
오세아니아,2022-07-30,10923475.0,18123.0,,,78388026.0,28782781.0,27725036.0,,,45038860
오세아니아,2022-07-31,10929545.0,18198.0,,,78399816.0,28782812.0,27725172.0,,,45038860
오세아니아,2022-08-01,11194654.0,18289.0,,,78490367.0,28783339.0,27725321.0,,,45038860
오세아니아,2022-08-02,11203512.0,18379.0,,,78561417.0,28783382.0,27725472.0,,,45038860
오세아니아,2022-08-03,11210411.0,18472.0,,,78627552.0,28783440.0,27725626.0,,,45038860
오세아니아,2022-08-04,11217251.0,18581.0,,,78693749.0,28783511.0,27725780.0,,,45038860
오세아니아,2022-08-05,11223053.0,18662.0,,,78704536.0,28783562.0,27725925.0,,,45038860
오세아니아,2022-08-06,11228660.0,18740.0,,,78709942.0,28783635.0,27726234.0,,,45038860
오세아니아,2022-08-07,11231984.0,18817.0,,,78711923.0,28783673.0,27726347.0,,,45038860
오세아니아,2022-08-08,11436982.0,18902.0,,,78933747.0,28790571.0,27736514.0,,,45038860
오세아니아,2022-08-09,11443614.0,18986.0,,,78984413.0,28790613.0,27736630.0,,,45038860
오세아니아,2022-08-10,11450412.0,19068.0,,,79031303.0,28790672.0,27736763.0,,,45038860
오세아니아,2022-08-11,11455592.0,19148.0,,,79077076.0,28790726.0,27736902.0,,,45038860
오세아니아,2022-08-12,11461316.0,19215.0,,,79086064.0,28790775.0,27737070.0,,,45038860
오세아니아,2022-08-13,11465200.0,19291.0,,,79090635.0,28790846.0,27737301.0,,,45038860
오세아니아,2022-08-14,11468024.0,19362.0,,,79145610.0,28790866.0,27737376.0,,,45038860
오세아니아,2022-08-15,11613145.0,19443.0,,,79198288.0,28794533.0,27738797.0,,,45038860
오세아니아,2022-08-16,11618987.0,19506.0,,,79237469.0,28794571.0,27738888.0,,,45038860
오세아니아,2022-08-17,11626744.0,19585.0,,,79278660.0,28794618.0,27739007.0,,,45038860
오세아니아,2022-08-18,11632850.0,19639.0,,,79314480.0,28794687.0,27739110.0,,,45038860
오세아니아,2022-08-19,11638214.0,19684.0,,,79322352.0,28794736.0,27739253.0,,,45038860
오세아니아,2022-08-20,11641775.0,19747.0,,,79326289.0,28794797.0,27739484.0,,,45038860
오세아니아,2022-08-21,11645543.0,19796.0,,,79367977.0,28794825.0,27739574.0,,,45038860
오세아니아,2022-08-22,11751868.0,19834.0,,,79409222.0,28799786.0,27744037.0,,,45038860
오세아니아,2022-08-23,11759744.0,19886.0,,,79438985.0,28799835.0,27744150.0,,,45038860
오세아니아,2022-08-24,11764191.0,19935.0,,,79466981.0,28799886.0,27744250.0,,,45038860
오세아니아,2022-08-25,11767550.0,19977.0,,,79494568.0,28799928.0,27744359.0,,,45038860
오세아니아,2022-08-26,11770395.0,20026.0,,,79501200.0,28799992.0,27744510.0,,,45038860
오세아니아,2022-08-27,11770745.0,20073.0,,,79504509.0,28800068.0,27744745.0,,,45038860
오세아니아,2022-08-28,11774925.0,20123.0,,,79505732.0,28800110.0,27744820.0,,,45038860
오세아니아,2022-08-29,11857378.0,20172.0,,,79533278.0,28808193.0,27751672.0,,,45038860
오세아니아,2022-08-30,11860576.0,20212.0,,,79538779.0,28808226.0,27751780.0,,,45038860
오세아니아,2022-08-31,11863537.0,20252.0,,,79545914.0,28808423.0,27752195.0,,,45038860
오세아니아,2022-09-01,11866195.0,20282.0,,,79550916.0,28808475.0,27752287.0,,,45038860
오세아니아,2022-09-02,11868337.0,20313.0,,,79556242.0,28808516.0,27752416.0,,,45038860
오세아니아,2022-09-03,11868540.0,20353.0,,,79558518.0,28808584.0,27752539.0,,,45038860
오세아니아,2022-09-04,11871896.0,20382.0,,,79559312.0,28808595.0,27752595.0,,,45038860
오세아니아,2022-09-05,11936657.0,20415.0,,,79563188.0,28808687.0,27752754.0,,,45038860
오세아니아,2022-09-06,11939038.0,20450.0,,,79567310.0,28808726.0,27752840.0,,,45038860
오세아니아,2022-09-07,11941189.0,20485.0,,,79571409.0,28808756.0,27752935.0,,,45038860
오세아니아,2022-09-08,11943293.0,20517.0,,,79575635.0,28808797.0,27753016.0,,,45038860
오세아니아,2022-09-09,11945036.0,20550.0,,,79579658.0,28808836.0,27753143.0,,,45038860
오세아니아,2022-09-10,11945104.0,20585.0,,,79582101.0,28808895.0,27753290.0,,,45038860
오세아니아,2022-09-11,11947402.0,20613.0,,,79582947.0,28808922.0,27753369.0,,,45038860
오세아니아,2022-09-12,11999927.0,20635.0,,,79611152.0,28818695.0,27764028.0,,,45038860
오세아니아,2022-09-13,12002147.0,20659.0,,,79615131.0,28818722.0,27764085.0,,,45038860
오세아니아,2022-09-14,12002738.0,20688.0,,,79618982.0,28818745.0,27764156.0,,,45038860
오세아니아,2022-09-15,12002909.0,20714.0,,,79622673.0,28818780.0,27764273.0,,,45038860
오세아니아,2022-09-16,12002960.0,20745.0,,,79626157.0,28818823.0,27764361.0,,,45038860
오세아니아,2022-09-17,12003131.0,20775.0,,,79628063.0,28818876.0,27764489.0,,,45038860
오세아니아,2022-09-18,12003155.0,20794.0,,,79628676.0,28818888.0,27764521.0,,,45038860
오세아니아,2022-09-19,12053787.0,20828.0,,,79636098.0,28820281.0,27765826.0,,,45038860
오세아니아,2022-09-20,12053833.0,20828.0,,,79638734.0,28820311.0,27765899.0,,,45038860
오세아니아,2022-09-21,12053887.0,20828.0,,,79641842.0,28820337.0,27765968.0,,,45038860
오세아니아,2022-09-22,12053897.0,20828.0,,,79644675.0,28820353.0,27766024.0,,,45038860
오세아니아,2022-09-23,12053923.0,20828.0,,,79647331.0,28820387.0,27766083.0,,,45038860
오세아니아,2022-09-24,12054030.0,20828.0,,,79648873.0,28820414.0,27766189.0,,,45038860
오세아니아,2022-09-25,12054055.0,20828.0,,,79649403.0,28820430.0,27766240.0,,,45038860
오세아니아,2022-09-26,12092145.0,20975.0,,,79665991.0,28827686.0,27772975.0,,,45038860
오세아니아,2022-09-27,12101958.0,20975.0,,,79668365.0,28827711.0,27773032.0,,,45038860
오세아니아,2022-09-28,12102391.0,20979.0,,,79670830.0,28827743.0,27773090.0,,,45038860
오세아니아,2022-09-29,12103771.0,20981.0,,,79673240.0,28827776.0,27773152.0,,,45038860
오세아니아,2022-09-30,12105635.0,20981.0,,,79675389.0,28827802.0,27773207.0,,,45038860
오세아니아,2022-10-01,12116026.0,20981.0,,,79676680.0,28827844.0,27773320.0,,,45038860
오세아니아,2022-10-02,12116032.0,20981.0,,,79677024.0,28827854.0,27773350.0,,,45038860
오세아니아,2022-10-03,12155684.0,21094.0,,,79679162.0,28827897.0,27773447.0,,,45038860
오세아니아,2022-10-04,12157383.0,21094.0,,,79690700.0,28831957.0,27777692.0,,,45038860
오세아니아,2022-10-05,12157434.0,21107.0,,,79694785.0,28832035.0,27777843.0,,,45038860
오세아니아,2022-10-06,12160484.0,21110.0,,,79697485.0,28832085.0,27777944.0,,,45038860
오세아니아,2022-10-07,12161167.0,21111.0,,,79700131.0,28832132.0,27778050.0,,,45038860
오세아니아,2022-10-08,12161250.0,21111.0,,,79701375.0,28832149.0,27778128.0,,,45038860
오세아니아,2022-10-09,12161275.0,21111.0,,,79701748.0,28832154.0,27778163.0,,,45038860
오세아니아,2022-10-10,12204392.0,21215.0,,,79725980.0,28844092.0,27786764.0,,,45038860
오세아니아,2022-10-11,12204533.0,21215.0,,,79728466.0,28844134.0,27786864.0,,,45038860
오세아니아,2022-10-12,12204725.0,21215.0,,,79731347.0,28844172.0,27786973.0,,,45038860
오세아니아,2022-10-13,12204738.0,21219.0,,,79734194.0,28844215.0,27787088.0,,,45038860
오세아니아,2022-10-14,12207436.0,21219.0,,,79737510.0,28844262.0,27787205.0,,,45038860
오세아니아,2022-10-15,12207455.0,21219.0,,,79739572.0,28844304.0,27787302.0,,,45038860
오세아니아,2022-10-16,12221493.0,21219.0,,,79740249.0,28844318.0,27787333.0,,,45038860
오세아니아,2022-10-17,12265620.0,21293.0,,,79756914.0,28851602.0,27791808.0,,,45038860
오세아니아,2022-10-18,12265649.0,21293.0,,,79761260.0,28852008.0,27792276.0,,,45038860
오세아니아,2022-10-19,12265675.0,21293.0,,,79764688.0,28852033.0,27792331.0,,,45038860
오세아니아,2022-10-20,12265690.0,21293.0,,,79767882.0,28852056.0,27792397.0,,,45038860
오세아니아,2022-10-21,12265699.0,21293.0,,,79770596.0,28852081.0,27792462.0,,,45038860
오세아니아,2022-10-22,12265975.0,21293.0,,,79771932.0,28852101.0,27792554.0,,,45038860
오세아니아,2022-10-23,12265982.0,21293.0,,,79772274.0,28852112.0,27792573.0,,,45038860
오세아니아,2022-10-24,12296365.0,21396.0,,,79779047.0,28854317.0,27796176.0,,,45038860
오세아니아,2022-10-25,12296392.0,21396.0,,,79781503.0,28854349.0,27796225.0,,,45038860
오세아니아,2022-10-26,12296512.0,21396.0,,,79784628.0,28854382.0,27796281.0,,,45038860
오세아니아,2022-10-27,12296512.0,21396.0,,,79787374.0,28854406.0,27796343.0,,,45038860
오세아니아,2022-10-28,12296535.0,21420.0,,,79790492.0,28854439.0,27796401.0,,,45038860
오세아니아,2022-10-29,12337601.0,21422.0,,,79792054.0,28854477.0,27796497.0,,,45038860
오세아니아,2022-10-30,12337728.0,21422.0,,,79792630.0,28854488.0,27796527.0,,,45038860
오세아니아,2022-10-31,12373527.0,21507.0,,,79908733.0,28885291.0,27841149.0,,,45038860
오세아니아,2022-11-01,12373563.0,21507.0,,,79911401.0,28885311.0,27841201.0,,,45038860
오세아니아,2022-11-02,12373602.0,21508.0,,,79914402.0,28885340.0,27841251.0,,,45038860
오세아니아,2022-11-03,12373692.0,21508.0,,,80085786.0,28885364.0,27841288.0,,,45038860
오세아니아,2022-11-04,12373698.0,21508.0,,,80088661.0,28885392.0,27841381.0,,,45038860
오세아니아,2022-11-05,12373863.0,21508.0,,,80090105.0,28885451.0,27841481.0,,,45038860
오세아니아,2022-11-06,12373927.0,21508.0,,,80090567.0,28885461.0,27841527.0,,,45038860
오세아니아,2022-11-07,12426253.0,21619.0,,,80098405.0,28887302.0,27843401.0,,,45038860
오세아니아,2022-11-08,12445990.0,21619.0,,,80100825.0,28887328.0,27843444.0,,,45038860
오세아니아,2022-11-09,12446720.0,21619.0,,,80103492.0,28887354.0,27843494.0,,,45038860
오세아니아,2022-11-10,12446750.0,21621.0,,,80162287.0,28887390.0,27843556.0,,,45038860
오세아니아,2022-11-11,12446880.0,21656.0,,,80164455.0,28887426.0,27843639.0,,,45038860
오세아니아,2022-11-12,12446945.0,21656.0,,,80165690.0,28887453.0,27843729.0,,,45038860
오세아니아,2022-11-13,12447875.0,21800.0,,,80166161.0,28887466.0,27843773.0,,,45038860
오세아니아,2022-11-14,12521471.0,21800.0,,,80176689.0,28888920.0,27845290.0,,,45038860
오세아니아,2022-11-15,12544437.0,21800.0,,,80178677.0,28888943.0,27845353.0,,,45038860
오세아니아,2022-11-16,12545006.0,21804.0,,,80181132.0,28888964.0,27845406.0,,,45038860
오세아니아,2022-11-17,12545048.0,21804.0,,,80280173.0,28888989.0,27845485.0,,,45038860
오세아니아,2022-11-18,12545193.0,21804.0,,,80283328.0,28889018.0,27845546.0,,,45038860
오세아니아,2022-11-19,12545303.0,21804.0,,,80285192.0,28889063.0,27845644.0,,,45038860
오세아니아,2022-11-20,12545323.0,21958.0,,,80285899.0,28889084.0,27845678.0,,,45038860
오세아니아,2022-11-21,12628756.0,21958.0,,,80302315.0,28895166.0,27852239.0,,,45038860
오세아니아,2022-11-22,12628786.0,21958.0,,,80304926.0,28895190.0,27852296.0,,,45038860
오세아니아,2022-11-23,12628863.0,21958.0,,,80307426.0,28895216.0,27852342.0,,,45038860
오세아니아,2022-11-24,12628877.0,21960.0,,,80384165.0,28895250.0,27852399.0,,,45038860
오세아니아,2022-11-25,12629055.0,21990.0,,,80386603.0,28895279.0,27852476.0,,,45038860
오세아니아,2022-11-26,12629396.0,21990.0,,,80388164.0,28895313.0,27852558.0,,,45038860
오세아니아,2022-11-27,12654644.0,22168.0,,,80388646.0,28895321.0,27852580.0,,,45038860
오세아니아,2022-11-28,12752581.0,22168.0,,,80402171.0,28898111.0,27855328.0,,,45038860
오세아니아,2022-11-29,12752810.0,22168.0,,,80404716.0,28898157.0,27855389.0,,,45038860
오세아니아,2022-11-30,12753947.0,22168.0,,,80407675.0,28898191.0,27855449.0,,,45038860
오세아니아,2022-12-01,12753999.0,22168.0,,,80463987.0,28898224.0,27855507.0,,,45038860
오세아니아,2022-12-02,12754262.0,22191.0,,,80466198.0,28898257.0,27855585.0,,,45038860
오세아니아,2022-12-03,12754296.0,22191.0,,,80467996.0,28898295.0,27855706.0,,,45038860
오세아니아,2022-12-04,12786197.0,22451.0,,,80468678.0,28898303.0,27855722.0,,,45038860
오세아니아,2022-12-05,12894109.0,22451.0,,,80474709.0,28900011.0,27857647.0,,,45038860
오세아니아,2022-12-06,12894473.0,22473.0,,,80477253.0,28900040.0,27857697.0,,,45038860
오세아니아,2022-12-07,12896620.0,22474.0,,,80479912.0,28900073.0,27857753.0,,,45038860
오세아니아,2022-12-08,12934300.0,22476.0,,,80527456.0,28900111.0,27857809.0,,,45038860
오세아니아,2022-12-09,12934521.0,22476.0,,,80529770.0,28900145.0,27857897.0,,,45038860
오세아니아,2022-12-10,12934567.0,22477.0,,,80531265.0,28900179.0,27857991.0,,,45038860
오세아니아,2022-12-11,12934625.0,22749.0,,,80531892.0,28900206.0,27858041.0,,,45038860
오세아니아,2022-12-12,13046724.0,22750.0,,,80535616.0,28900313.0,27858233.0,,,45038860
오세아니아,2022-12-13,13046850.0,22750.0,,,80538711.0,28900331.0,27858296.0,,,45038860
오세아니아,2022-12-14,13047014.0,22750.0,,,80541897.0,28900366.0,27858351.0,,,45038860
오세아니아,2022-12-15,13047035.0,22750.0,,,80588143.0,28900400.0,27858433.0,,,45038860
오세아니아,2022-12-16,13047163.0,22781.0,,,80591198.0,28900458.0,27858528.0,,,45038860
오세아니아,2022-12-17,13047168.0,22781.0,,,80592976.0,28900502.0,27858630.0,,,45038860
오세아니아,2022-12-18,13086944.0,23080.0,,,80593595.0,28900530.0,27858677.0,,,45038860
오세아니아,2022-12-19,13195267.0,23080.0,,,80596400.0,28900616.0,27858853.0,,,45038860
오세아니아,2022-12-20,13195625.0,23080.0,,,80599118.0,28900646.0,27858920.0,,,45038860
오세아니아,2022-12-21,13196508.0,23083.0,,,80601244.0,28900682.0,27858995.0,,,45038860
오세아니아,2022-12-22,13196593.0,23083.0,,,80637857.0,28900734.0,27859047.0,,,45038860
오세아니아,2022-12-23,13196792.0,23083.0,,,80639368.0,28900774.0,27859110.0,,,45038860
오세아니아,2022-12-24,13196828.0,23083.0,,,80639704.0,28900787.0,27859124.0,,,45038860
오세아니아,2022-12-25,13197029.0,23417.0,,,80639710.0,28900787.0,27859126.0,,,45038860
오세아니아,2022-12-26,13288583.0,23460.0,,,80639809.0,28900790.0,27859127.0,,,45038860
오세아니아,2022-12-27,13288635.0,23460.0,,,80639953.0,28900794.0,27859134.0,,,45038860
오세아니아,2022-12-28,13318636.0,23460.0,,,80640815.0,28900835.0,27859194.0,,,45038860
오세아니아,2022-12-29,13318706.0,23460.0,,,80641652.0,28900868.0,27859240.0,,,45038860
오세아니아,2022-12-30,13318850.0,23460.0,,,80642475.0,28900902.0,27859294.0,,,45038860
오세아니아,2022-12-31,13319029.0,23460.0,,,80642731.0,28900919.0,27859308.0,,,45038860
오세아니아,2023-01-01,13319263.0,23832.0,,,80642761.0,28900919.0,27859310.0,,,45038860
오세아니아,2023-01-02,13383899.0,23832.0,,,80642889.0,28900921.0,27859321.0,,,45038860
오세아니아,2023-01-03,13383917.0,23832.0,,,80643119.0,28900928.0,27859337.0,,,45038860
오세아니아,2023-01-04,13384102.0,23835.0,,,80664529.0,28906670.0,27864932.0,,,45038860
오세아니아,2023-01-05,13384224.0,23835.0,,,80694015.0,28906708.0,27864996.0,,,45038860
오세아니아,2023-01-06,13384257.0,23835.0,,,80695055.0,28906739.0,27865048.0,,,45038860
오세아니아,2023-01-07,13384304.0,23897.0,,,80695572.0,28906762.0,27865093.0,,,45038860
오세아니아,2023-01-08,13384412.0,24230.0,,,80695745.0,28906771.0,27865107.0,,,45038860
오세아니아,2023-01-09,13472157.0,24230.0,,,80697598.0,28906847.0,27865268.0,,,45038860
오세아니아,2023-01-10,13473413.0,24230.0,,,80699010.0,28906885.0,27865342.0,,,45038860
오세아니아,2023-01-11,13473619.0,24231.0,,,80700199.0,28906916.0,27865428.0,,,45038860
오세아니아,2023-01-12,13473635.0,24233.0,,,80723861.0,28906959.0,27865507.0,,,45038860
오세아니아,2023-01-13,13473687.0,24233.0,,,80724952.0,28907001.0,27865573.0,,,45038860
오세아니아,2023-01-14,13474095.0,24277.0,,,80725428.0,28907019.0,27865607.0,,,45038860
오세아니아,2023-01-15,13474110.0,24532.0,,,80725637.0,28907024.0,27865624.0,,,45038860
오세아니아,2023-01-16,13522425.0,24532.0,,,80728111.0,28907104.0,27866842.0,,,45038860
오세아니아,2023-01-17,13522452.0,24533.0,,,80729005.0,28907137.0,27866897.0,,,45038860
오세아니아,2023-01-18,13522552.0,24533.0,,,80729989.0,28907179.0,27866965.0,,,45038860
오세아니아,2023-01-19,13522630.0,24533.0,,,80751080.0,28907205.0,27867006.0,,,45038860
오세아니아,2023-01-20,13522646.0,24533.0,,,80751869.0,28907231.0,27867060.0,,,45038860
오세아니아,2023-01-21,13522657.0,24535.0,,,80752296.0,28907257.0,27867088.0,,,45038860
오세아니아,2023-01-22,13522658.0,24746.0,,,80752504.0,28907267.0,27867102.0,,,45038860
오세아니아,2023-01-23,13545045.0,24746.0,,,80753481.0,28907351.0,27867197.0,,,45038860
오세아니아,2023-01-24,13557435.0,24746.0,,,80754221.0,28907389.0,27867250.0,,,45038860
오세아니아,2023-01-25,13557589.0,24746.0,,,80754907.0,28907418.0,27867297.0,,,45038860
오세아니아,2023-01-26,13557624.0,24746.0,,,80769192.0,28907466.0,27867366.0,,,45038860
오세아니아,2023-01-27,13557688.0,24746.0,,,80769898.0,28907495.0,27867416.0,,,45038860
오세아니아,2023-01-28,13557705.0,24755.0,,,80770214.0,28907508.0,27867434.0,,,45038860
오세아니아,2023-01-29,13557723.0,24881.0,,,80770394.0,28907518.0,27867456.0,,,45038860
오세아니아,2023-01-30,13586075.0,24881.0,,,80770733.0,28907535.0,27867479.0,,,45038860
오세아니아,2023-01-31,13586132.0,24881.0,,,80801355.0,28912642.0,27874025.0,,,45038860
오세아니아,2023-02-01,13586185.0,24881.0,,,80803095.0,28912828.0,27874239.0,,,45038860
오세아니아,2023-02-02,13586213.0,24881.0,,,80817167.0,28912855.0,27874280.0,,,45038860
오세아니아,2023-02-03,13586265.0,24881.0,,,80817779.0,28912876.0,27874319.0,,,45038860
오세아니아,2023-02-04,13586266.0,25211.0,,,80818004.0,28912887.0,27874344.0,,,45038860
오세아니아,2023-02-05,13586266.0,25236.0,,,80818123.0,28912893.0,27874352.0,,,45038860
오세아니아,2023-02-06,13603491.0,25236.0,,,80818476.0,28912936.0,27874408.0,,,45038860
오세아니아,2023-02-07,13611109.0,25236.0,,,80818980.0,28912954.0,27874435.0,,,45038860
오세아니아,2023-02-08,13611241.0,25236.0,,,80819466.0,28912967.0,27874456.0,,,45038860
오세아니아,2023-02-09,13611276.0,25236.0,,,80819940.0,28912984.0,27874479.0,,,45038860
오세아니아,2023-02-10,13611317.0,25236.0,,,80820454.0,28913014.0,27874510.0,,,45038860
오세아니아,2023-02-11,13611330.0,25340.0,,,80820740.0,28913031.0,27874535.0,,,45038860
오세아니아,2023-02-12,13611489.0,25340.0,,,80820858.0,28913034.0,27874546.0,,,45038860
오세아니아,2023-02-13,13636818.0,25340.0,,,80825151.0,28913345.0,27874800.0,,,45038860
오세아니아,2023-02-14,13636987.0,25340.0,,,80825434.0,28913355.0,27874818.0,,,45038860
오세아니아,2023-02-15,13637003.0,25340.0,,,80825769.0,28913368.0,27874841.0,,,45038860
오세아니아,2023-02-16,13637025.0,25340.0,,,80826113.0,28913383.0,27874868.0,,,45038860
오세아니아,2023-02-17,13637040.0,25340.0,,,80826504.0,28913403.0,27874892.0,,,45038860
오세아니아,2023-02-18,13637050.0,25448.0,,,80826711.0,28913419.0,27874916.0,,,45038860
오세아니아,2023-02-19,13637050.0,25448.0,,,80826796.0,28913423.0,27874924.0,,,45038860
오세아니아,2023-02-20,13662204.0,25448.0,,,80914531.0,28949309.0,27911045.0,,,45038860
오세아니아,2023-02-21,13662205.0,25448.0,,,80914883.0,28949323.0,27911063.0,,,45038860
오세아니아,2023-02-22,13662248.0,25448.0,,,80915245.0,28949335.0,27911078.0,,,45038860
오세아니아,2023-02-23,13662253.0,25448.0,,,80915544.0,28949345.0,27911103.0,,,45038860
오세아니아,2023-02-24,13662280.0,25448.0,,,80915801.0,28949360.0,27911118.0,,,45038860
오세아니아,2023-02-25,13662284.0,25545.0,,,80916008.0,28949389.0,27911157.0,,,45038860
오세아니아,2023-02-26,13662539.0,25545.0,,,80916060.0,28949394.0,27911165.0,,,45038860
오세아니아,2023-02-27,13688765.0,25545.0,,,80919319.0,28950750.0,27912357.0,,,45038860
오세아니아,2023-02-28,13688777.0,25545.0,,,80919542.0,28950775.0,27912382.0,,,45038860
오세아니아,2023-03-01,13688830.0,25545.0,,,80920028.0,28950788.0,27912429.0,,,45038860
오세아니아,2023-03-02,13688838.0,25547.0,,,80920666.0,28950817.0,27912508.0,,,45038860
오세아니아,2023-03-03,13688850.0,25547.0,,,80921249.0,28950839.0,27912579.0,,,45038860
오세아니아,2023-03-04,13689023.0,25628.0,,,80921537.0,28950851.0,27912622.0,,,45038860
오세아니아,2023-03-05,13689023.0,25628.0,,,80921653.0,28950857.0,27912627.0,,,45038860
오세아니아,2023-03-06,13741417.0,25628.0,,,80926430.0,28952790.0,27914612.0,,,45038860
오세아니아,2023-03-07,13741422.0,25628.0,,,80926926.0,28952805.0,27914659.0,,,45038860
오세아니아,2023-03-08,13741431.0,25628.0,,,80927493.0,28952816.0,27914717.0,,,45038860
오세아니아,2023-03-09,13741432.0,25628.0,,,80928020.0,28952833.0,27914809.0,,,45038860
오세아니아,2023-03-10,13741455.0,25628.0,,,80928576.0,28952852.0,27914884.0,,,45038860
오세아니아,2023-03-11,13741539.0,25713.0,,,80928884.0,28952875.0,27914927.0,,,45038860
오세아니아,2023-03-12,13741612.0,25713.0,,,80929035.0,28952888.0,27914946.0,,,45038860
오세아니아,2023-03-13,13774525.0,25713.0,,,80931917.0,28953499.0,27915616.0,,,45038860
오세아니아,2023-03-14,13774550.0,25713.0,,,80932401.0,28953519.0,27915689.0,,,45038860
오세아니아,2023-03-15,13774627.0,25713.0,,,80932922.0,28953532.0,27915752.0,,,45038860
오세아니아,2023-03-16,13774643.0,25713.0,,,80933521.0,28953555.0,27915851.0,,,45038860
오세아니아,2023-03-17,13774656.0,25713.0,,,80934057.0,28953573.0,27915927.0,,,45038860
오세아니아,2023-03-18,13774696.0,25819.0,,,80934326.0,28953589.0,27915959.0,,,45038860
오세아니아,2023-03-19,13774968.0,25819.0,,,80934437.0,28953594.0,27915979.0,,,45038860
오세아니아,2023-03-20,13808404.0,25819.0,,,80938206.0,28955204.0,27917610.0,,,45038860
오세아니아,2023-03-21,13808409.0,25819.0,,,80938690.0,28955218.0,27917681.0,,,45038860
오세아니아,2023-03-22,13808410.0,25819.0,,,80939170.0,28955235.0,27917764.0,,,45038860
오세아니아,2023-03-23,13808420.0,25819.0,,,80939649.0,28955254.0,27917864.0,,,45038860
오세아니아,2023-03-24,13808437.0,25819.0,,,82750810.0,28955442.0,27919256.0,,,45038860
오세아니아,2023-03-25,13808443.0,25976.0,,,82751138.0,28955456.0,27919310.0,,,45038860
오세아니아,2023-03-26,13808468.0,25976.0,,,82751241.0,28955459.0,27919318.0,,,45038860
오세아니아,2023-03-27,13843904.0,25976.0,,,82751862.0,28955511.0,27919432.0,,,45038860
오세아니아,2023-03-28,13843910.0,25976.0,,,82752335.0,28955519.0,27919515.0,,,45038860
오세아니아,2023-03-29,13843923.0,25976.0,,,82752840.0,28955534.0,27919615.0,,,45038860
오세아니아,2023-03-30,13844067.0,25976.0,,,82753459.0,28955547.0,27919778.0,,,45038860
오세아니아,2023-03-31,13844239.0,25976.0,,,82754252.0,28955566.0,27919976.0,,,45038860
오세아니아,2023-04-01,13844243.0,25976.0,,,82764179.0,28955595.0,27927031.0,,,45038860
오세아니아,2023-04-02,13844256.0,26100.0,,,82767864.0,28955603.0,27929514.0,,,45038860
오세아니아,2023-04-03,13882933.0,26100.0,,,82792482.0,28957444.0,27946851.0,,,45038860
오세아니아,2023-04-04,13882984.0,26100.0,,,82812215.0,28957468.0,27962142.0,,,45038860
오세아니아,2023-04-05,13883014.0,26100.0,,,82812215.0,28957468.0,27962142.0,,,45038860
오세아니아,2023-04-06,13883018.0,26100.0,,,82812215.0,28957468.0,27962142.0,,,45038860
오세아니아,2023-04-07,13883021.0,26100.0,,,82812215.0,28957468.0,27962142.0,,,45038860
오세아니아,2023-04-08,13883021.0,26100.0,,,82812215.0,28957468.0,27962142.0,,,45038860
오세아니아,2023-04-09,13883021.0,26417.0,,,82812215.0,28957468.0,27962142.0,,,45038860
오세아니아,2023-04-10,13920895.0,26426.0,,,82812215.0,28957468.0,27962142.0,,,45038860
오세아니아,2023-04-11,13920904.0,26426.0,,,82813010.0,28957780.0,27962466.0,,,45038860
오세아니아,2023-04-12,13920911.0,26426.0,,,82813010.0,28957780.0,27962466.0,,,45038860
오세아니아,2023-04-13,13920911.0,26426.0,,,82813010.0,28957780.0,27962466.0,,,45038860
오세아니아,2023-04-14,13920933.0,26426.0,,,82813010.0,28957780.0,27962466.0,,,45038860
오세아니아,2023-04-15,13920944.0,26426.0,,,82813010.0,28957780.0,27962466.0,,,45038860
오세아니아,2023-04-16,13920952.0,26593.0,,,82813010.0,28957780.0,27962466.0,,,45038860
오세아니아,2023-04-17,13963793.0,26593.0,,,82813252.0,28957783.0,27962480.0,,,45038860
오세아니아,2023-04-18,13963796.0,26593.0,,,82813252.0,28957783.0,27962480.0,,,45038860
오세아니아,2023-04-19,13963800.0,26593.0,,,82813252.0,28957783.0,27962480.0,,,45038860
오세아니아,2023-04-20,13963813.0,26599.0,,,82813252.0,28957783.0,27962480.0,,,45038860
오세아니아,2023-04-21,13963844.0,26599.0,,,82813252.0,28957783.0,27962480.0,,,45038860
오세아니아,2023-04-22,13963861.0,26599.0,,,82813252.0,28957783.0,27962480.0,,,45038860
오세아니아,2023-04-23,13963887.0,26752.0,,,82813252.0,28957783.0,27962480.0,,,45038860
오세아니아,2023-04-24,14004347.0,26772.0,,,82813321.0,28957783.0,27962484.0,,,45038860
오세아니아,2023-04-25,14004351.0,26772.0,,,82813321.0,28957783.0,27962484.0,,,45038860
오세아니아,2023-04-26,14004355.0,26772.0,,,82813321.0,28957783.0,27962484.0,,,45038860
오세아니아,2023-04-27,14004394.0,26772.0,,,82813321.0,28957783.0,27962484.0,,,45038860
오세아니아,2023-04-28,14004427.0,26772.0,,,82813321.0,28957783.0,27962484.0,,,45038860
오세아니아,2023-04-29,14004428.0,26772.0,,,82813321.0,28957783.0,27962484.0,,,45038860
오세아니아,2023-04-30,14004458.0,26944.0,,,82813321.0,28957783.0,27962484.0,,,45038860
오세아니아,2023-05-01,14043887.0,26944.0,,,82818309.0,28959949.0,27965117.0,,,45038860
오세아니아,2023-05-02,14043948.0,26970.0,,,82818309.0,28959949.0,27965117.0,,,45038860
오세아니아,2023-05-03,14043958.0,26970.0,,,82818309.0,28959949.0,27965117.0,,,45038860
오세아니아,2023-05-04,14043959.0,26970.0,,,82818309.0,28959949.0,27965117.0,,,45038860
오세아니아,2023-05-05,14044290.0,26970.0,,,82818309.0,28959949.0,27965117.0,,,45038860
오세아니아,2023-05-06,14044334.0,26970.0,,,82818309.0,28959949.0,27965117.0,,,45038860
오세아니아,2023-05-07,14044357.0,27171.0,,,82818309.0,28959949.0,27965117.0,,,45038860
오세아니아,2023-05-08,14087349.0,27171.0,,,82818309.0,28959949.0,27965117.0,,,45038860
오세아니아,2023-05-09,14087349.0,27171.0,,,82818337.0,28959949.0,27965117.0,,,45038860
오세아니아,2023-05-10,14087373.0,27171.0,,,,,,,,45038860
오세아니아,2023-05-11,14087373.0,27171.0,,,,,,,,45038860
오세아니아,2023-05-12,14087532.0,27171.0,,,,,,,,45038860
오세아니아,2023-05-13,14087532.0,27171.0,,,,,,,,45038860
오세아니아,2023-05-14,14087556.0,27342.0,,,,,,,,45038860
오세아니아,2023-05-15,14135985.0,27400.0,,,,,,,,45038860
오세아니아,2023-05-16,14136013.0,27400.0,,,,,,,,45038860
오세아니아,2023-05-17,14136041.0,27400.0,,,,,,,,45038860
오세아니아,2023-05-18,14136050.0,27400.0,,,,,,,,45038860
오세아니아,2023-05-19,14136125.0,27400.0,,,,,,,,45038860
오세아니아,2023-05-20,14136173.0,27400.0,,,,,,,,45038860
오세아니아,2023-05-21,14136173.0,27652.0,,,,,,,,45038860
오세아니아,2023-05-22,14189895.0,27652.0,,,,,,,,45038860
오세아니아,2023-05-23,14189895.0,27652.0,,,,,,,,45038860
오세아니아,2023-05-24,14189911.0,27652.0,,,,,,,,45038860
오세아니아,2023-05-25,14189911.0,27652.0,,,,,,,,45038860
오세아니아,2023-05-26,14189916.0,27652.0,,,,,,,,45038860
오세아니아,2023-05-27,14189916.0,27652.0,,,,,,,,45038860
오세아니아,2023-05-28,14189934.0,27926.0,,,,,,,,45038860
오세아니아,2023-05-29,14240382.0,27926.0,,,,,,,,45038860
오세아니아,2023-05-30,14240388.0,27926.0,,,,,,,,45038860
오세아니아,2023-05-31,14240404.0,27927.0,,,,,,,,45038860
오세아니아,2023-06-01,14240456.0,27927.0,,,,,,,,45038860
오세아니아,2023-06-02,14240509.0,27927.0,,,,,,,,45038860
오세아니아,2023-06-03,14240491.0,27927.0,,,,,,,,45038860
오세아니아,2023-06-04,14240504.0,27987.0,,,,,,,,45038860
오세아니아,2023-06-05,14273784.0,27987.0,,,,,,,,45038860
오세아니아,2023-06-06,14273785.0,27987.0,,,,,,,,45038860
오세아니아,2023-06-07,14273902.0,27987.0,,,,,,,,45038860
오세아니아,2023-06-08,14273902.0,27987.0,,,,,,,,45038860
오세아니아,2023-06-09,14273905.0,27987.0,,,,,,,,45038860
오세아니아,2023-06-10,14273957.0,27987.0,,,,,,,,45038860
오세아니아,2023-06-11,14273981.0,28285.0,,,,,,,,45038860
오세아니아,2023-06-12,14316222.0,28285.0,,,,,,,,45038860
오세아니아,2023-06-13,14316222.0,28285.0,,,,,,,,45038860
오세아니아,2023-06-14,14316224.0,28285.0,,,,,,,,45038860
오세아니아,2023-06-15,14316259.0,28286.0,,,,,,,,45038860
오세아니아,2023-06-16,14316266.0,28286.0,,,,,,,,45038860
오세아니아,2023-06-17,14316272.0,28909.0,,,,,,,,45038860
오세아니아,2023-06-18,14316300.0,28909.0,,,,,,,,45038860
오세아니아,2023-06-19,14340655.0,29131.0,,,,,,,,45038860
오세아니아,2023-06-20,14340655.0,29131.0,,,,,,,,45038860
오세아니아,2023-06-21,14340669.0,29131.0,,,,,,,,45038860
오세아니아,2023-06-22,14340744.0,29131.0,,,,,,,,45038860
오세아니아,2023-06-23,14340788.0,29131.0,,,,,,,,45038860
오세아니아,2023-06-24,14340788.0,29131.0,,,,,,,,45038860
오세아니아,2023-06-25,14340788.0,29131.0,,,,,,,,45038860
오세아니아,2023-06-26,14354353.0,29131.0,,,,,,,,45038860
오세아니아,2023-06-27,14354353.0,29190.0,,,,,,,,45038860
오세아니아,2023-06-28,14354353.0,29190.0,,,,,,,,45038860
오세아니아,2023-06-29,14354416.0,29190.0,,,,,,,,45038860
오세아니아,2023-06-30,14354416.0,29190.0,,,,,,,,45038860
오세아니아,2023-07-01,14354421.0,29190.0,,,,,,,,45038860
오세아니아,2023-07-02,14354421.0,29190.0,,,,,,,,45038860
오세아니아,2023-07-03,14376967.0,29190.0,,,,,,,,45038860
오세아니아,2023-07-04,14376967.0,29251.0,,,,,,,,45038860
오세아니아,2023-07-05,14376968.0,29251.0,,,,,,,,45038860
오세아니아,2023-07-06,14377025.0,29251.0,,,,,,,,45038860
오세아니아,2023-07-07,14377025.0,29253.0,,,,,,,,45038860
오세아니아,2023-07-08,14377081.0,29253.0,,,,,,,,45038860
오세아니아,2023-07-09,14377100.0,29253.0,,,,,,,,45038860
오세아니아,2023-07-10,14389537.0,29253.0,,,,,,,,45038860
오세아니아,2023-07-11,14389547.0,29274.0,,,,,,,,45038860
오세아니아,2023-07-12,14389551.0,29274.0,,,,,,,,45038860
오세아니아,2023-07-13,14389552.0,29274.0,,,,,,,,45038860
오세아니아,2023-07-14,14389552.0,29274.0,,,,,,,,45038860
오세아니아,2023-07-15,14389609.0,29274.0,,,,,,,,45038860
오세아니아,2023-07-16,14389624.0,29274.0,,,,,,,,45038860
오세아니아,2023-07-17,14399861.0,29274.0,,,,,,,,45038860
오세아니아,2023-07-18,14399885.0,29211.0,,,,,,,,45038860
오세아니아,2023-07-19,14399901.0,29211.0,,,,,,,,45038860
오세아니아,2023-07-20,14399900.0,29211.0,,,,,,,,45038860
오세아니아,2023-07-21,14399900.0,29211.0,,,,,,,,45038860
오세아니아,2023-07-22,14399900.0,29211.0,,,,,,,,45038860
오세아니아,2023-07-23,14399918.0,29211.0,,,,,,,,45038860
오세아니아,2023-07-24,14408613.0,29211.0,,,,,,,,45038860
오세아니아,2023-07-25,14408613.0,29312.0,,,,,,,,45038860
오세아니아,2023-07-26,14408630.0,29312.0,,,,,,,,45038860
오세아니아,2023-07-27,14408632.0,29312.0,,,,,,,,45038860
오세아니아,2023-07-28,14408632.0,29312.0,,,,,,,,45038860
오세아니아,2023-07-29,14408632.0,29312.0,,,,,,,,45038860
오세아니아,2023-07-30,14408632.0,29312.0,,,,,,,,45038860
오세아니아,2023-07-31,14417175.0,29312.0,,,,,,,,45038860
오세아니아,2023-08-01,14417175.0,29403.0,,,,,,,,45038860
오세아니아,2023-08-02,14417175.0,29413.0,,,,,,,,45038860
오세아니아,2023-08-03,14417179.0,29413.0,,,,,,,,45038860
오세아니아,2023-08-04,14417179.0,29413.0,,,,,,,,45038860
오세아니아,2023-08-05,14417200.0,29413.0,,,,,,,,45038860
오세아니아,2023-08-06,14417232.0,29413.0,,,,,,,,45038860
오세아니아,2023-08-07,14426245.0,29413.0,,,,,,,,45038860
오세아니아,2023-08-08,14426329.0,29480.0,,,,,,,,45038860
오세아니아,2023-08-09,14426334.0,29500.0,,,,,,,,45038860
오세아니아,2023-08-10,14426334.0,29500.0,,,,,,,,45038860
오세아니아,2023-08-11,14426352.0,29501.0,,,,,,,,45038860
오세아니아,2023-08-12,14426363.0,29501.0,,,,,,,,45038860
오세아니아,2023-08-13,14426367.0,29501.0,,,,,,,,45038860
오세아니아,2023-08-14,14436088.0,29501.0,,,,,,,,45038860
오세아니아,2023-08-15,14436106.0,29557.0,,,,,,,,45038860
오세아니아,2023-08-16,14436123.0,29557.0,,,,,,,,45038860
오세아니아,2023-08-17,14436123.0,29557.0,,,,,,,,45038860
오세아니아,2023-08-18,14436123.0,29557.0,,,,,,,,45038860
오세아니아,2023-08-19,14436123.0,29557.0,,,,,,,,45038860
오세아니아,2023-08-20,14436123.0,29557.0,,,,,,,,45038860
오세아니아,2023-08-21,14444588.0,29557.0,,,,,,,,45038860
오세아니아,2023-08-22,14444588.0,29622.0,,,,,,,,45038860
오세아니아,2023-08-23,14444615.0,29644.0,,,,,,,,45038860
오세아니아,2023-08-24,14444615.0,29644.0,,,,,,,,45038860
오세아니아,2023-08-25,14444615.0,29644.0,,,,,,,,45038860
오세아니아,2023-08-26,14444615.0,29644.0,,,,,,,,45038860
오세아니아,2023-08-27,14444615.0,29644.0,,,,,,,,45038860
오세아니아,2023-08-28,14453015.0,29644.0,,,,,,,,45038860
오세아니아,2023-08-29,14453035.0,29683.0,,,,,,,,45038860
오세아니아,2023-08-30,14453069.0,29683.0,,,,,,,,45038860
오세아니아,2023-08-31,14453069.0,29683.0,,,,,,,,45038860
오세아니아,2023-09-01,14453072.0,29683.0,,,,,,,,45038860
오세아니아,2023-09-02,14453085.0,29683.0,,,,,,,,45038860
오세아니아,2023-09-03,14453085.0,29683.0,,,,,,,,45038860
오세아니아,2023-09-04,14461080.0,29683.0,,,,,,,,45038860
오세아니아,2023-09-05,14461080.0,29734.0,,,,,,,,45038860
오세아니아,2023-09-06,14461080.0,29734.0,,,,,,,,45038860
오세아니아,2023-09-07,14461092.0,29734.0,,,,,,,,45038860
오세아니아,2023-09-08,14461105.0,29734.0,,,,,,,,45038860
오세아니아,2023-09-09,14461130.0,29734.0,,,,,,,,45038860
오세아니아,2023-09-10,14461130.0,29734.0,,,,,,,,45038860
오세아니아,2023-09-11,14468935.0,29734.0,,,,,,,,45038860
오세아니아,2023-09-12,14468942.0,29787.0,,,,,,,,45038860
오세아니아,2023-09-13,14468945.0,29787.0,,,,,,,,45038860
오세아니아,2023-09-14,14468945.0,29787.0,,,,,,,,45038860
오세아니아,2023-09-15,14468945.0,29787.0,,,,,,,,45038860
오세아니아,2023-09-16,14468945.0,29787.0,,,,,,,,45038860
오세아니아,2023-09-17,14468981.0,29787.0,,,,,,,,45038860
오세아니아,2023-09-18,14476659.0,29787.0,,,,,,,,45038860
오세아니아,2023-09-19,14476677.0,29844.0,,,,,,,,45038860
오세아니아,2023-09-20,14476677.0,29844.0,,,,,,,,45038860
오세아니아,2023-09-21,14476671.0,29844.0,,,,,,,,45038860
오세아니아,2023-09-22,14476700.0,29844.0,,,,,,,,45038860
오세아니아,2023-09-23,14476703.0,29844.0,,,,,,,,45038860
오세아니아,2023-09-24,14476705.0,29844.0,,,,,,,,45038860
오세아니아,2023-09-25,14484470.0,29844.0,,,,,,,,45038860
오세아니아,2023-09-26,14484482.0,29895.0,,,,,,,,45038860
오세아니아,2023-09-27,14484482.0,29895.0,,,,,,,,45038860
오세아니아,2023-09-28,14484499.0,29895.0,,,,,,,,45038860
오세아니아,2023-09-29,14484499.0,29895.0,,,,,,,,45038860
오세아니아,2023-09-30,14484499.0,29895.0,,,,,,,,45038860
오세아니아,2023-10-01,14484513.0,29941.0,,,,,,,,45038860
오세아니아,2023-10-02,14496411.0,29941.0,,,,,,,,45038860
오세아니아,2023-10-03,14496413.0,29997.0,,,,,,,,45038860
오세아니아,2023-10-04,14496413.0,29997.0,,,,,,,,45038860
오세아니아,2023-10-05,14496428.0,29997.0,,,,,,,,45038860
오세아니아,2023-10-06,14496428.0,29998.0,,,,,,,,45038860
오세아니아,2023-10-07,14496430.0,29998.0,,,,,,,,45038860
오세아니아,2023-10-08,14496437.0,29998.0,,,,,,,,45038860
오세아니아,2023-10-09,14504233.0,29998.0,,,,,,,,45038860
오세아니아,2023-10-10,14504239.0,30037.0,,,,,,,,45038860
오세아니아,2023-10-11,14504239.0,30037.0,,,,,,,,45038860
오세아니아,2023-10-12,14504239.0,30037.0,,,,,,,,45038860
오세아니아,2023-10-13,14504239.0,30037.0,,,,,,,,45038860
오세아니아,2023-10-14,14504239.0,30037.0,,,,,,,,45038860
오세아니아,2023-10-15,14504239.0,30037.0,,,,,,,,45038860
오세아니아,2023-10-16,14512775.0,30075.0,,,,,,,,45038860
오세아니아,2023-10-17,14512784.0,30075.0,,,,,,,,45038860
오세아니아,2023-10-18,14512784.0,30098.0,,,,,,,,45038860
오세아니아,2023-10-19,14512784.0,30098.0,,,,,,,,45038860
오세아니아,2023-10-20,14512784.0,30098.0,,,,,,,,45038860
오세아니아,2023-10-21,14512787.0,30098.0,,,,,,,,45038860
오세아니아,2023-10-22,14512790.0,30098.0,,,,,,,,45038860
오세아니아,2023-10-23,14522412.0,30098.0,,,,,,,,45038860
오세아니아,2023-10-24,14522412.0,30098.0,,,,,,,,45038860
오세아니아,2023-10-25,14522422.0,30098.0,,,,,,,,45038860
오세아니아,2023-10-26,14522422.0,30098.0,,,,,,,,45038860
오세아니아,2023-10-27,14522422.0,30098.0,,,,,,,,45038860
오세아니아,2023-10-28,14522422.0,30098.0,,,,,,,,45038860
오세아니아,2023-10-29,14522422.0,30098.0,,,,,,,,45038860
오세아니아,2023-10-30,14522422.0,30098.0,,,,,,,,45038860
오세아니아,2023-10-31,14522422.0,30098.0,,,,,,,,45038860
오세아니아,2023-11-01,14522422.0,30098.0,,,,,,,,45038860
오세아니아,2023-11-02,14522422.0,30098.0,,,,,,,,45038860
